-- =========================================================
-- CleanMateX Payment / Settlement Catalogs Full Baseline Seeds v1.1
-- Reference seed file. AI assistant must generate safe UPSERT migration after inspecting current data.
-- =========================================================

-- Directions
insert into public.sys_fin_direction_cd (direction_code,name,name2,description,description2,affects_cash_in,affects_cash_out,is_neutral,display_order) values
('IN','In','داخل','Money/value moves into business or receivable is reduced by collection.','حركة مالية داخلة أو تحصيل يقلل الرصيد المستحق.',true,false,false,10),
('OUT','Out','خارج','Money/value moves out of business, such as refunds, expenses, or supplier payments.','حركة مالية خارجة مثل مردودات أو مصاريف أو مدفوعات موردين.',false,true,false,20),
('NEUTRAL','Neutral','محايد','No cash/bank movement now; may still affect stored value or outstanding balance.','لا توجد حركة نقدية أو بنكية حالياً مع إمكانية التأثير على الأرصدة أو المستحقات.',false,false,true,30)
on conflict (direction_code) do update set name=excluded.name,name2=excluded.name2,description=excluded.description,description2=excluded.description2,affects_cash_in=excluded.affects_cash_in,affects_cash_out=excluded.affects_cash_out,is_neutral=excluded.is_neutral,display_order=excluded.display_order,updated_at=now();

-- Real payment methods only
insert into public.sys_payment_method_cd (payment_method_code,name,name2,description,description2,payment_method_family,payment_nature,is_cash,is_card,is_bank,is_check,is_mobile,is_gateway,is_digital,requires_cash_drawer,requires_reference,requires_external_confirmation,supports_authorization,supports_capture,supports_refund,supports_void,supports_partial_payment,allowed_for_order_payment,allowed_for_invoice_payment,allowed_for_refund,allowed_for_customer_advance,allowed_for_wallet_topup,allowed_for_gift_card_topup,allowed_for_supplier_payment,allowed_for_expense_payment,display_order,icon,color) values
('CASH','Cash','نقداً','Physical cash received or paid at POS.','نقد فعلي يتم استلامه أو دفعه في نقطة البيع.','CASH','REAL_PAYMENT',true,false,false,false,false,false,false,true,false,false,false,false,true,false,true,true,true,true,true,true,true,true,true,true,10,'cash','#16a34a'),
('CARD','Card','بطاقة','Generic card payment through POS terminal or manual card flow.','دفع بالبطاقة عبر جهاز نقطة بيع أو إجراء يدوي.','CARD','REAL_PAYMENT',false,true,false,false,false,false,true,false,true,true,true,true,true,true,true,true,true,true,true,true,false,false,20,'credit-card','#2563eb'),
('BANK_TRANSFER','Bank Transfer','تحويل بنكي','Bank transfer payment confirmed manually or through bank integration.','دفع عبر تحويل بنكي يتم تأكيده يدوياً أو عبر تكامل بنكي.','BANK','REAL_PAYMENT',false,false,true,false,false,false,false,false,true,true,false,false,true,false,true,true,true,true,true,true,true,true,30,'banknote','#0f766e'),
('CHECK','Check','شيك','Check payment. Counts as paid only after clearance policy marks it completed.','دفع بشيك، ولا يعتبر مدفوعاً إلا بعد التصفية حسب السياسة.','CHECK','REAL_PAYMENT',false,false,false,true,false,false,false,false,true,true,false,false,true,false,true,true,true,true,false,false,true,true,40,'receipt','#64748b'),
('MOBILE_PAYMENT','Mobile Payment','دفع عبر الهاتف','Mobile payment channel such as QR payment or mobile banking when treated as real money.','قناة دفع عبر الهاتف مثل QR أو تحويل عبر تطبيق بنكي عندما تعد كأموال حقيقية.','MOBILE','REAL_PAYMENT',false,false,false,false,true,false,true,false,true,true,false,false,true,true,true,true,true,true,true,true,false,false,50,'smartphone','#9333ea'),
('PAYMENT_GATEWAY','Payment Gateway','بوابة دفع','External online payment gateway such as HyperPay, PayTabs, Stripe, or similar.','بوابة دفع إلكترونية خارجية مثل HyperPay أو PayTabs أو Stripe أو ما شابه.','GATEWAY','REAL_PAYMENT',false,false,false,false,false,true,true,false,true,true,true,true,true,true,true,true,true,true,true,true,false,false,60,'globe','#f97316')
on conflict (payment_method_code) do update set name=excluded.name,name2=excluded.name2,description=excluded.description,description2=excluded.description2,payment_method_family=excluded.payment_method_family,payment_nature=excluded.payment_nature,is_cash=excluded.is_cash,is_card=excluded.is_card,is_bank=excluded.is_bank,is_check=excluded.is_check,is_mobile=excluded.is_mobile,is_gateway=excluded.is_gateway,is_digital=excluded.is_digital,requires_cash_drawer=excluded.requires_cash_drawer,requires_reference=excluded.requires_reference,requires_external_confirmation=excluded.requires_external_confirmation,supports_authorization=excluded.supports_authorization,supports_capture=excluded.supports_capture,supports_refund=excluded.supports_refund,supports_void=excluded.supports_void,supports_partial_payment=excluded.supports_partial_payment,allowed_for_order_payment=excluded.allowed_for_order_payment,allowed_for_invoice_payment=excluded.allowed_for_invoice_payment,allowed_for_refund=excluded.allowed_for_refund,allowed_for_customer_advance=excluded.allowed_for_customer_advance,allowed_for_wallet_topup=excluded.allowed_for_wallet_topup,allowed_for_gift_card_topup=excluded.allowed_for_gift_card_topup,allowed_for_supplier_payment=excluded.allowed_for_supplier_payment,allowed_for_expense_payment=excluded.allowed_for_expense_payment,display_order=excluded.display_order,icon=excluded.icon,color=excluded.color,updated_at=now();

-- Voucher line types
insert into public.sys_fin_voucher_line_type_cd (line_type,name,name2,description,description2,default_direction,affects_cash_or_bank,affects_credit_balance,affects_ar,affects_expense,allows_payment_method,allows_credit_application_type,display_order) values
('RECEIPT','Receipt','سند قبض','Incoming real payment receipt line.','سطر سند قبض لدفع حقيقي وارد.','IN',true,false,false,false,true,false,10),
('PAYMENT','Payment','سند صرف','Outgoing real payment line.','سطر دفع أو صرف حقيقي خارج.','OUT',true,false,false,true,true,false,20),
('CREDIT_APPLICATION','Credit Application','تطبيق رصيد','Stored value or credit applied to settle an order, invoice, or statement.','تطبيق رصيد أو قيمة مخزنة لتسوية طلب أو فاتورة أو كشف.','NEUTRAL',false,true,false,false,false,true,30),
('REFUND','Refund','مردود','Refund or restoration line.','سطر مردود أو استعادة.','OUT',true,true,true,false,true,true,40),
('CASH_DRAWER_MOVEMENT','Cash Drawer Movement','حركة صندوق','Operational cash drawer movement line.','سطر حركة تشغيلية لصندوق النقدية.','NEUTRAL',true,false,false,false,false,false,50),
('ADJUSTMENT','Adjustment','تسوية','Manual or system financial adjustment line.','سطر تسوية مالية يدوية أو آلية.','NEUTRAL',false,true,true,true,false,false,60)
on conflict (line_type) do update set name=excluded.name,name2=excluded.name2,description=excluded.description,description2=excluded.description2,default_direction=excluded.default_direction,affects_cash_or_bank=excluded.affects_cash_or_bank,affects_credit_balance=excluded.affects_credit_balance,affects_ar=excluded.affects_ar,affects_expense=excluded.affects_expense,allows_payment_method=excluded.allows_payment_method,allows_credit_application_type=excluded.allows_credit_application_type,display_order=excluded.display_order,updated_at=now();

-- Voucher target types including CUSTOMER_CREDIT v1.1
insert into public.sys_fin_voucher_target_type_cd (target_type,name,name2,description,description2,target_table,requires_target_id,affects_order,affects_ar_invoice,affects_b2b_statement,affects_wallet,affects_gift_card,affects_customer_advance,affects_customer_credit,affects_supplier,affects_expense,display_order) values
('ORDER','Order','طلب','Voucher line targets an order.','سطر السند يستهدف طلباً.','org_orders_mst',true,true,false,false,false,false,false,false,false,false,10),
('AR_INVOICE','AR Invoice','فاتورة ذمم مدينة','Voucher line targets an accounts receivable invoice.','سطر السند يستهدف فاتورة ذمم مدينة.','org_invoice_mst',true,false,true,false,false,false,false,false,false,false,20),
('B2B_STATEMENT','B2B Statement','كشف عميل شركات','Voucher line targets a B2B customer statement.','سطر السند يستهدف كشف عميل شركات.','org_b2b_statements_mst',true,false,false,true,false,false,false,false,false,false,30),
('CUSTOMER_ADVANCE','Customer Advance','دفعة مقدمة للعميل','Voucher line creates or uses customer advance balance.','سطر السند ينشئ أو يستخدم رصيد دفعة مقدمة للعميل.','org_customer_advances_mst',true,false,false,false,false,false,true,false,false,false,40),
('WALLET_TOPUP','Wallet Top-up','شحن محفظة','Voucher line targets wallet top-up or wallet balance creation.','سطر السند يستهدف شحن محفظة أو إنشاء رصيد محفظة.','org_customer_wallets_mst',true,false,false,false,true,false,false,false,false,false,50),
('GIFT_CARD_TOPUP','Gift Card Top-up','شحن بطاقة هدية','Voucher line targets gift card sale or top-up.','سطر السند يستهدف بيع أو شحن بطاقة هدية.','org_gift_cards_mst',true,false,false,false,false,true,false,false,false,false,60),
('CUSTOMER_CREDIT','Customer Credit','رصيد عميل','Voucher line targets customer credit balance creation/application.','سطر السند يستهدف إنشاء أو تطبيق رصيد عميل.','org_customer_credits_mst',true,false,false,false,false,false,false,true,false,false,65),
('SUPPLIER_PAYMENT','Supplier Payment','دفع مورد','Voucher line targets supplier/AP payment.','سطر السند يستهدف دفع مورد أو ذمم دائنة.','org_suppliers_mst',true,false,false,false,false,false,false,false,true,false,70),
('EXPENSE','Expense','مصروف','Voucher line targets business expense.','سطر السند يستهدف مصروفاً تشغيلياً.','org_expense_categories_cd',true,false,false,false,false,false,false,false,false,true,80),
('PETTY_CASH','Petty Cash','عهدة نقدية','Voucher line targets petty cash custody or settlement.','سطر السند يستهدف عهدة نقدية أو تسويتها.','org_petty_cash_accounts_mst',true,false,false,false,false,false,false,false,false,true,90)
on conflict (target_type) do update set name=excluded.name,name2=excluded.name2,description=excluded.description,description2=excluded.description2,target_table=excluded.target_table,requires_target_id=excluded.requires_target_id,affects_order=excluded.affects_order,affects_ar_invoice=excluded.affects_ar_invoice,affects_b2b_statement=excluded.affects_b2b_statement,affects_wallet=excluded.affects_wallet,affects_gift_card=excluded.affects_gift_card,affects_customer_advance=excluded.affects_customer_advance,affects_customer_credit=excluded.affects_customer_credit,affects_supplier=excluded.affects_supplier,affects_expense=excluded.affects_expense,display_order=excluded.display_order,updated_at=now();

-- Voucher line roles (core + allocation roles)
insert into public.sys_fin_voucher_line_role_cd (line_role,name,name2,description,description2,default_line_type,default_target_type,default_direction,creates_order_payment,creates_order_credit_application,creates_invoice_payment,creates_invoice_credit_application,creates_statement_payment,creates_statement_credit_application,creates_wallet_ledger,creates_gift_card_ledger,creates_customer_advance_ledger,creates_customer_credit_ledger,creates_supplier_payment,creates_expense_payment,creates_cash_drawer_movement,creates_refund_effect,requires_payment_method,requires_credit_application_type,requires_target_id,requires_source_reference,display_order) values
('ORDER_PAYMENT','Order Payment','دفع طلب','Real payment collected directly against an order.','دفع حقيقي محصل مباشرة على طلب.','RECEIPT','ORDER','IN',true,false,false,false,false,false,false,false,false,false,false,false,true,false,true,false,true,false,10),
('ORDER_CREDIT_APPLICATION','Order Credit Application','تطبيق رصيد على طلب','Stored value or customer credit applied directly against an order.','تطبيق قيمة مخزنة أو رصيد عميل على طلب.','CREDIT_APPLICATION','ORDER','NEUTRAL',false,true,false,false,false,false,false,false,false,false,false,false,false,false,false,true,true,true,20),
('INVOICE_PAYMENT','Invoice Payment','دفع فاتورة ذمم','Real payment collected against an AR invoice.','دفع حقيقي محصل على فاتورة ذمم مدينة.','RECEIPT','AR_INVOICE','IN',false,false,true,false,false,false,false,false,false,false,false,false,true,false,true,false,true,false,30),
('INVOICE_CREDIT_APPLICATION','Invoice Credit Application','تطبيق رصيد على فاتورة','Credit applied against an AR invoice.','تطبيق رصيد على فاتورة ذمم مدينة.','CREDIT_APPLICATION','AR_INVOICE','NEUTRAL',false,false,false,true,false,false,false,false,false,false,false,false,false,false,false,true,true,true,40),
('STATEMENT_PAYMENT','Statement Payment','دفع كشف حساب','Real payment collected against a B2B statement.','دفع حقيقي محصل على كشف حساب عميل شركات.','RECEIPT','B2B_STATEMENT','IN',false,false,false,false,true,false,false,false,false,false,false,false,true,false,true,false,true,false,50),
('STATEMENT_CREDIT_APPLICATION','Statement Credit Application','تطبيق رصيد على كشف','Credit applied against a B2B statement.','تطبيق رصيد على كشف حساب عميل شركات.','CREDIT_APPLICATION','B2B_STATEMENT','NEUTRAL',false,false,false,false,false,true,false,false,false,false,false,false,false,false,false,true,true,true,60),
('WALLET_TOPUP','Wallet Top-up','شحن محفظة','Real payment used to increase customer wallet balance.','دفع حقيقي يستخدم لزيادة رصيد محفظة العميل.','RECEIPT','WALLET_TOPUP','IN',false,false,false,false,false,false,true,false,false,false,false,false,true,false,true,false,true,false,70),
('GIFT_CARD_TOPUP','Gift Card Top-up','شحن بطاقة هدية','Real payment used to sell or top up a gift card.','دفع حقيقي يستخدم لبيع أو شحن بطاقة هدية.','RECEIPT','GIFT_CARD_TOPUP','IN',false,false,false,false,false,false,false,true,false,false,false,false,true,false,true,false,true,false,80),
('CUSTOMER_ADVANCE_RECEIPT','Customer Advance Receipt','قبض دفعة مقدمة','Real payment received as customer advance/deposit.','دفع حقيقي مقبوض كدفعة مقدمة أو عربون للعميل.','RECEIPT','CUSTOMER_ADVANCE','IN',false,false,false,false,false,false,false,false,true,false,false,false,true,false,true,false,true,false,90),
('CUSTOMER_CREDIT_ISSUE','Customer Credit Issue','إصدار رصيد عميل','Issue customer credit from excess receipt, overpayment, correction, or compensation.','إصدار رصيد عميل من زيادة قبض أو تصحيح أو تعويض.','ADJUSTMENT','CUSTOMER_CREDIT','NEUTRAL',false,false,false,false,false,false,false,false,false,true,false,false,false,false,false,false,true,true,100),
('SUPPLIER_PAYMENT','Supplier Payment','دفع مورد','Outgoing payment to supplier.','دفع خارج إلى مورد.','PAYMENT','SUPPLIER_PAYMENT','OUT',false,false,false,false,false,false,false,false,false,false,true,false,true,false,true,false,true,false,110),
('EXPENSE_PAYMENT','Expense Payment','دفع مصروف','Outgoing payment for business expense.','دفع خارج لمصروف تشغيلي.','PAYMENT','EXPENSE','OUT',false,false,false,false,false,false,false,false,false,false,false,true,true,false,true,false,true,false,120),
('REFUND_PAYMENT','Refund Payment','دفع مردود','Refund paid back to customer or payment source.','مردود مدفوع للعميل أو إلى مصدر الدفع.','REFUND','ORDER','OUT',false,false,false,false,false,false,false,false,false,false,false,false,true,true,true,false,true,true,150)
on conflict (line_role) do update set name=excluded.name,name2=excluded.name2,description=excluded.description,description2=excluded.description2,default_line_type=excluded.default_line_type,default_target_type=excluded.default_target_type,default_direction=excluded.default_direction,creates_order_payment=excluded.creates_order_payment,creates_order_credit_application=excluded.creates_order_credit_application,creates_invoice_payment=excluded.creates_invoice_payment,creates_invoice_credit_application=excluded.creates_invoice_credit_application,creates_statement_payment=excluded.creates_statement_payment,creates_statement_credit_application=excluded.creates_statement_credit_application,creates_wallet_ledger=excluded.creates_wallet_ledger,creates_gift_card_ledger=excluded.creates_gift_card_ledger,creates_customer_advance_ledger=excluded.creates_customer_advance_ledger,creates_customer_credit_ledger=excluded.creates_customer_credit_ledger,creates_supplier_payment=excluded.creates_supplier_payment,creates_expense_payment=excluded.creates_expense_payment,creates_cash_drawer_movement=excluded.creates_cash_drawer_movement,creates_refund_effect=excluded.creates_refund_effect,requires_payment_method=excluded.requires_payment_method,requires_credit_application_type=excluded.requires_credit_application_type,requires_target_id=excluded.requires_target_id,requires_source_reference=excluded.requires_source_reference,display_order=excluded.display_order,updated_at=now();

-- Voucher source types v1.1
insert into public.sys_fin_voucher_source_type_cd (source_type,name,name2,description,description2,source_family,originates_from_order,originates_from_customer_account,originates_from_ar,originates_from_b2b_statement,originates_from_wallet,originates_from_gift_card,originates_from_refund,originates_from_gateway_callback,is_manual,display_order) values
('ORDER_SUBMIT','Order Submit','حفظ الطلب','Voucher originated from initial order submit.','السند نشأ من حفظ الطلب.','ORDER',true,false,false,false,false,false,false,false,false,10),
('ORDER_PAYMENT_MODAL','Order Payment Modal','نافذة دفع الطلب','Voucher originated from order payment modal.','السند نشأ من نافذة دفع الطلب.','ORDER',true,false,false,false,false,false,false,false,false,20),
('CUSTOMER_RECEIPT','Customer Receipt','قبض عميل','General customer receipt allocated to one or more balances.','قبض عام من عميل يتم توزيعه على رصيد أو أكثر.','CUSTOMER_ACCOUNT',false,true,false,false,false,false,false,false,false,30),
('ACCOUNT_RECEIPT','Account Receipt','قبض حساب','Account-level receipt for customer balances.','قبض على مستوى حساب العميل.','CUSTOMER_ACCOUNT',false,true,false,false,false,false,false,false,false,40),
('POS_OVERPAYMENT_ALLOCATION','POS Overpayment Allocation','توزيع زيادة نقطة البيع','POS excess receipt allocated to other balances or fallback.','توزيع زيادة قبض نقطة البيع على أرصدة أخرى أو وجهة بديلة.','CUSTOMER_ACCOUNT',true,true,false,false,false,false,false,false,false,50),
('CUSTOMER_ACCOUNT_PAYMENT','Customer Account Payment','دفع حساب عميل','Customer pays account balances directly.','العميل يدفع أرصدة حسابه مباشرة.','CUSTOMER_ACCOUNT',false,true,false,false,false,false,false,false,false,60),
('AR_INVOICE_COLLECTION','AR Invoice Collection','تحصيل فاتورة ذمم','Voucher originated from AR invoice collection.','السند نشأ من تحصيل فاتورة ذمم.','AR',false,false,true,false,false,false,false,false,false,70),
('B2B_STATEMENT_COLLECTION','B2B Statement Collection','تحصيل كشف شركات','Voucher originated from B2B statement collection.','السند نشأ من تحصيل كشف حساب شركات.','B2B_STATEMENT',false,false,false,true,false,false,false,false,false,80),
('WALLET_TOPUP','Wallet Top-up','شحن محفظة','Voucher originated from wallet top-up.','السند نشأ من شحن محفظة.','WALLET',false,true,false,false,true,false,false,false,false,90),
('GIFT_CARD_SALE','Gift Card Sale','بيع بطاقة هدية','Voucher originated from gift card sale/top-up.','السند نشأ من بيع أو شحن بطاقة هدية.','GIFT_CARD',false,true,false,false,false,true,false,false,false,100),
('CUSTOMER_ADVANCE_RECEIPT','Customer Advance Receipt','قبض دفعة مقدمة','Voucher originated from customer advance receipt.','السند نشأ من قبض دفعة مقدمة للعميل.','ADVANCE',false,true,false,false,false,false,false,false,false,110),
('MANUAL_VOUCHER','Manual Voucher','سند يدوي','Manually created voucher.','سند تم إنشاؤه يدوياً.','MANUAL',false,false,false,false,false,false,false,false,true,120),
('GATEWAY_CALLBACK','Gateway Callback','استجابة بوابة دفع','Voucher/effect originated from payment gateway callback.','السند أو الأثر نشأ من استجابة بوابة الدفع.','GATEWAY',false,false,false,false,false,false,false,true,false,130),
('REFUND_PROCESS','Refund Process','عملية مردود','Voucher originated from refund process.','السند نشأ من عملية مردود.','REFUND',false,false,false,false,false,false,true,false,false,140)
on conflict (source_type) do update set name=excluded.name,name2=excluded.name2,description=excluded.description,description2=excluded.description2,source_family=excluded.source_family,originates_from_order=excluded.originates_from_order,originates_from_customer_account=excluded.originates_from_customer_account,originates_from_ar=excluded.originates_from_ar,originates_from_b2b_statement=excluded.originates_from_b2b_statement,originates_from_wallet=excluded.originates_from_wallet,originates_from_gift_card=excluded.originates_from_gift_card,originates_from_refund=excluded.originates_from_refund,originates_from_gateway_callback=excluded.originates_from_gateway_callback,is_manual=excluded.is_manual,display_order=excluded.display_order,updated_at=now();

-- Credit application types
insert into public.sys_credit_application_type_cd (credit_application_type,name,name2,description,description2,credit_family,is_stored_value,is_customer_credit,is_credit_note,is_loyalty,is_manual,requires_source_reference,allows_partial_application,allows_reversal,affects_order_total,affects_taxable_amount,reduces_outstanding,creates_cash_movement,source_table,display_order) values
('GIFT_CARD','Gift Card','بطاقة هدية','Gift card balance applied as stored value.','رصيد بطاقة هدية يتم تطبيقه كقيمة مخزنة.','GIFT_CARD',true,false,false,false,false,true,true,true,false,false,true,false,'org_gift_cards_mst',10),
('WALLET','Wallet','محفظة','Customer wallet balance applied as stored value.','رصيد محفظة العميل يتم تطبيقه كقيمة مخزنة.','WALLET',true,false,false,false,false,true,true,true,false,false,true,false,'org_customer_wallets_mst',20),
('CUSTOMER_ADVANCE','Customer Advance','دفعة مقدمة','Customer advance/deposit balance applied.','رصيد دفعة مقدمة أو عربون للعميل يتم تطبيقه.','ADVANCE',true,false,false,false,false,true,true,true,false,false,true,false,'org_customer_advances_mst',30),
('CUSTOMER_CREDIT','Customer Credit','رصيد عميل','Customer credit balance applied, usually from overpayment or compensation.','رصيد عميل يتم تطبيقه، غالباً من زيادة دفع أو تعويض.','CUSTOMER_CREDIT',false,true,false,false,false,true,true,true,false,false,true,false,'org_customer_credits_mst',40),
('CREDIT_NOTE','Credit Note','إشعار دائن','Credit note balance applied against order, invoice, or statement.','رصيد إشعار دائن يتم تطبيقه على طلب أو فاتورة أو كشف.','CREDIT_NOTE',false,true,true,false,false,true,true,true,false,false,true,false,'org_credit_notes_mst',50),
('LOYALTY_VALUE','Loyalty Value','رصيد ولاء','Loyalty points/value applied as stored-value settlement.','نقاط أو قيمة ولاء يتم تطبيقها كتسوية.','LOYALTY',true,false,false,true,false,true,true,true,false,false,true,false,'org_loyalty_accounts_mst',60),
('MANUAL_CREDIT','Manual Credit','رصيد يدوي','Manually approved credit application.','تطبيق رصيد يدوي معتمد.','MANUAL',false,true,false,false,true,true,true,true,false,false,true,false,null,70)
on conflict (credit_application_type) do update set name=excluded.name,name2=excluded.name2,description=excluded.description,description2=excluded.description2,credit_family=excluded.credit_family,is_stored_value=excluded.is_stored_value,is_customer_credit=excluded.is_customer_credit,is_credit_note=excluded.is_credit_note,is_loyalty=excluded.is_loyalty,is_manual=excluded.is_manual,requires_source_reference=excluded.requires_source_reference,allows_partial_application=excluded.allows_partial_application,allows_reversal=excluded.allows_reversal,affects_order_total=excluded.affects_order_total,affects_taxable_amount=excluded.affects_taxable_amount,reduces_outstanding=excluded.reduces_outstanding,creates_cash_movement=excluded.creates_cash_movement,source_table=excluded.source_table,display_order=excluded.display_order,updated_at=now();

-- Credit application statuses
insert into public.sys_credit_application_status_cd (application_status,name,name2,description,description2,status_group,reduces_outstanding,is_pending,is_terminal,is_success,is_failure,allows_reversal,display_order) values
('PENDING','Pending','قيد الانتظار','Credit application has been requested but not reserved or applied yet.','تم طلب تطبيق الرصيد ولم يتم حجزه أو تطبيقه بعد.','PENDING',false,true,false,false,false,false,10),
('RESERVED','Reserved','محجوز','Credit balance is reserved but not applied yet.','تم حجز الرصيد ولم يتم تطبيقه بعد.','PENDING',false,true,false,false,false,false,20),
('PROCESSING','Processing','قيد المعالجة','Credit application is being processed.','تطبيق الرصيد قيد المعالجة.','PENDING',false,true,false,false,false,false,30),
('APPLIED','Applied','مطبق','Credit application is completed and reduces outstanding.','تم تطبيق الرصيد ويخفض المبلغ المستحق.','SUCCESS',true,false,false,true,false,true,40),
('FAILED','Failed','فشل','Credit application failed.','فشل تطبيق الرصيد.','FAILED',false,false,true,false,true,false,50),
('CANCELLED','Cancelled','ملغى','Credit application was cancelled before completion.','تم إلغاء تطبيق الرصيد قبل اكتماله.','FAILED',false,false,true,false,true,false,60),
('REVERSED','Reversed','معكوس','Applied credit was reversed.','تم عكس رصيد مطبق.','REVERSED',false,false,true,false,false,false,70),
('EXPIRED','Expired','منتهي','Credit reservation or application expired.','انتهت صلاحية حجز أو تطبيق الرصيد.','FAILED',false,false,true,false,true,false,80)
on conflict (application_status) do update set name=excluded.name,name2=excluded.name2,description=excluded.description,description2=excluded.description2,status_group=excluded.status_group,reduces_outstanding=excluded.reduces_outstanding,is_pending=excluded.is_pending,is_terminal=excluded.is_terminal,is_success=excluded.is_success,is_failure=excluded.is_failure,allows_reversal=excluded.allows_reversal,display_order=excluded.display_order,updated_at=now();

-- Remaining balance policies
insert into public.sys_remaining_balance_policy_cd (policy_code,name,name2,description,description2,requires_zero_remaining,creates_pay_on_collection_due,creates_ar_invoice,creates_ar_ledger,creates_statement_entry,requires_customer_account,requires_b2b_customer,requires_credit_limit_check,requires_approval,resulting_payment_status,display_order) values
('FULL_PAYMENT','Full Payment','دفع كامل','Remaining balance must be zero before submit.','يجب أن يكون الرصيد المتبقي صفراً قبل الحفظ.',true,false,false,false,false,false,false,false,false,'PAID',10),
('PAY_ON_COLLECTION','Pay on Collection','الدفع عند الاستلام','Remaining amount will be collected at pickup/delivery. This is not AR.','سيتم تحصيل المبلغ المتبقي عند الاستلام أو التسليم. هذا ليس ذمم مدينة.',false,true,false,false,false,false,false,false,false,'PENDING_COLLECTION',20),
('CREDIT_INVOICE','Credit Invoice','فاتورة آجلة','Remaining amount becomes AR/customer receivable with invoice.','يتحول المبلغ المتبقي إلى ذمم مدينة أو فاتورة آجلة للعميل.',false,false,true,true,false,true,false,true,false,'PARTIALLY_PAID',30),
('B2B_STATEMENT','B2B Statement','كشف حساب شركات','Remaining amount is allocated to B2B statement/AR process.','يتم تخصيص المبلغ المتبقي إلى كشف حساب شركات أو عملية ذمم.',false,false,true,true,true,true,true,true,false,'PARTIALLY_PAID',40)
on conflict (policy_code) do update set name=excluded.name,name2=excluded.name2,description=excluded.description,description2=excluded.description2,requires_zero_remaining=excluded.requires_zero_remaining,creates_pay_on_collection_due=excluded.creates_pay_on_collection_due,creates_ar_invoice=excluded.creates_ar_invoice,creates_ar_ledger=excluded.creates_ar_ledger,creates_statement_entry=excluded.creates_statement_entry,requires_customer_account=excluded.requires_customer_account,requires_b2b_customer=excluded.requires_b2b_customer,requires_credit_limit_check=excluded.requires_credit_limit_check,requires_approval=excluded.requires_approval,resulting_payment_status=excluded.resulting_payment_status,display_order=excluded.display_order,updated_at=now();

-- Overpayment resolutions including v1.1 allocation options
insert into public.sys_overpayment_resolution_cd (resolution_code,name,name2,description,description2,allowed_for_cash,allowed_for_card,allowed_for_gateway,allowed_for_bank,allowed_for_check,allowed_for_mobile,allowed_for_stored_value,creates_change_return,creates_payment_reduction,creates_void_or_refund,creates_customer_advance,creates_customer_credit,restores_stored_value,creates_multi_target_allocation,uses_allocation_policy,requires_allocation_details,requires_permission,permission_code,requires_reason,requires_approval,display_order) values
('REDUCE_PAYMENT','Reduce Payment Amount','تخفيض مبلغ الدفع','Reduce entered payment amount before posting/capture.','تخفيض مبلغ الدفع المدخل قبل الترحيل أو التحصيل.',true,true,true,true,true,true,false,false,true,false,false,false,false,false,false,false,false,null,false,false,10),
('RETURN_CASH_CHANGE','Return Cash Change','إرجاع الباقي نقداً','Return excess cash as change to customer.','إرجاع الزيادة النقدية كباقي للعميل.',true,false,false,false,false,false,false,true,false,false,false,false,false,false,false,false,false,null,false,false,20),
('VOID_OR_REFUND_EXCESS','Void or Refund Excess','إلغاء أو رد الزيادة','Void authorization or refund captured excess amount.','إلغاء التفويض أو رد المبلغ الزائد المحصل.',false,true,true,true,false,true,false,false,false,true,false,false,false,false,false,false,true,'order_payment:refund_excess',true,true,30),
('SAVE_AS_CUSTOMER_ADVANCE','Save as Customer Advance','حفظ كدفعة مقدمة','Convert excess amount to customer advance/deposit balance.','تحويل المبلغ الزائد إلى رصيد دفعة مقدمة للعميل.',true,true,true,true,true,true,false,false,false,false,true,false,false,false,false,false,true,'customer_advance:create',true,false,40),
('SAVE_AS_CUSTOMER_CREDIT','Save as Customer Credit','حفظ كرصيد عميل','Convert excess amount to customer credit balance.','تحويل المبلغ الزائد إلى رصيد عميل.',true,true,true,true,true,true,false,false,false,false,false,true,false,false,false,false,true,'customer_credit:create',true,false,50),
('RESTORE_STORED_VALUE','Restore Stored Value','استعادة القيمة المخزنة','Restore excess applied stored value back to its source.','استعادة القيمة المخزنة الزائدة إلى مصدرها.',false,false,false,false,false,false,true,false,false,false,false,false,true,false,false,false,false,null,false,false,60),
('ALLOCATE_TO_CUSTOMER_BALANCES','Manual Allocate to Customer Balances','توزيع يدوي على أرصدة العميل','Cashier manually allocates excess amount to customer open orders, AR invoices, statements, wallet, advance, or credit.','يقوم أمين الصندوق بتوزيع المبلغ الزائد يدوياً على طلبات أو فواتير أو كشوفات أو محفظة أو دفعات مقدمة أو أرصدة العميل.',true,true,true,true,true,true,false,false,false,false,false,false,false,true,false,true,false,null,false,false,70),
('AUTO_ALLOCATE_TO_CUSTOMER_BALANCES','Auto Allocate to Customer Balances','توزيع آلي على أرصدة العميل','System automatically allocates excess amount to oldest eligible customer balances according to tenant policy.','يقوم النظام بتوزيع المبلغ الزائد آلياً على أقدم أرصدة العميل المؤهلة حسب سياسة المنشأة.',true,true,true,true,true,true,false,false,false,false,false,false,false,true,true,true,false,null,false,false,80)
on conflict (resolution_code) do update set name=excluded.name,name2=excluded.name2,description=excluded.description,description2=excluded.description2,allowed_for_cash=excluded.allowed_for_cash,allowed_for_card=excluded.allowed_for_card,allowed_for_gateway=excluded.allowed_for_gateway,allowed_for_bank=excluded.allowed_for_bank,allowed_for_check=excluded.allowed_for_check,allowed_for_mobile=excluded.allowed_for_mobile,allowed_for_stored_value=excluded.allowed_for_stored_value,creates_change_return=excluded.creates_change_return,creates_payment_reduction=excluded.creates_payment_reduction,creates_void_or_refund=excluded.creates_void_or_refund,creates_customer_advance=excluded.creates_customer_advance,creates_customer_credit=excluded.creates_customer_credit,restores_stored_value=excluded.restores_stored_value,creates_multi_target_allocation=excluded.creates_multi_target_allocation,uses_allocation_policy=excluded.uses_allocation_policy,requires_allocation_details=excluded.requires_allocation_details,requires_permission=excluded.requires_permission,permission_code=excluded.permission_code,requires_reason=excluded.requires_reason,requires_approval=excluded.requires_approval,display_order=excluded.display_order,updated_at=now();

-- Customer receipt allocation modes v1.1
insert into public.sys_customer_receipt_allocation_mode_cd (allocation_mode,name,name2,description,description2,sort_by_due_date,sort_by_document_date,uses_target_priority,is_manual_only,display_order) values
('AUTO_OLDEST_DUE','Auto Oldest Due','آلي حسب الأقدم استحقاقاً','Automatically allocate by due date ascending, then document date.','توزيع آلي حسب تاريخ الاستحقاق تصاعدياً ثم تاريخ المستند.',true,false,true,false,10),
('AUTO_OLDEST_DOCUMENT','Auto Oldest Document','آلي حسب أقدم مستند','Automatically allocate by document date ascending.','توزيع آلي حسب تاريخ المستند تصاعدياً.',false,true,false,false,20),
('AUTO_PRIORITY_THEN_OLDEST','Auto Priority Then Oldest','آلي حسب الأولوية ثم الأقدم','Automatically allocate by configured target priority, then oldest due/document.','توزيع آلي حسب أولوية الهدف ثم الأقدم استحقاقاً أو مستنداً.',true,true,true,false,30),
('MANUAL_ONLY','Manual Only','يدوي فقط','No auto allocation; cashier must select targets manually.','لا يوجد توزيع آلي؛ يجب على أمين الصندوق اختيار الأهداف يدوياً.',false,false,false,true,40)
on conflict (allocation_mode) do update set name=excluded.name,name2=excluded.name2,description=excluded.description,description2=excluded.description2,sort_by_due_date=excluded.sort_by_due_date,sort_by_document_date=excluded.sort_by_document_date,uses_target_priority=excluded.uses_target_priority,is_manual_only=excluded.is_manual_only,display_order=excluded.display_order,updated_at=now();

-- Customer receipt fallback destinations v1.1
insert into public.sys_customer_receipt_fallback_destination_cd (fallback_destination,name,name2,description,description2,line_role,target_type,creates_wallet_topup,creates_customer_advance,creates_customer_credit,creates_cash_change,blocks_posting,requires_cash,display_order) values
('CUSTOMER_ADVANCE','Customer Advance','دفعة مقدمة للعميل','Remaining excess becomes customer advance/deposit liability.','المبلغ الزائد المتبقي يصبح دفعة مقدمة أو التزاماً للعميل.','CUSTOMER_ADVANCE_RECEIPT','CUSTOMER_ADVANCE',false,true,false,false,false,false,10),
('WALLET_TOPUP','Wallet Top-up','شحن محفظة','Remaining excess tops up customer wallet.','المبلغ الزائد المتبقي يشحن محفظة العميل.','WALLET_TOPUP','WALLET_TOPUP',true,false,false,false,false,false,20),
('CUSTOMER_CREDIT','Customer Credit','رصيد عميل','Remaining excess becomes customer credit.','المبلغ الزائد المتبقي يصبح رصيد عميل.','CUSTOMER_CREDIT_ISSUE','CUSTOMER_CREDIT',false,false,true,false,false,false,30),
('RETURN_CHANGE','Return Change','إرجاع الباقي','Remaining excess is returned as cash change.','المبلغ الزائد المتبقي يعاد كباقي نقدي.',null,null,false,false,false,true,false,true,40),
('BLOCK_AND_REQUIRE_MANUAL_ACTION','Block and Require Manual Action','منع وطلب إجراء يدوي','Posting is blocked until cashier manually resolves remaining excess.','يتم منع الترحيل حتى يحل أمين الصندوق الزيادة يدوياً.',null,null,false,false,false,false,true,false,50)
on conflict (fallback_destination) do update set name=excluded.name,name2=excluded.name2,description=excluded.description,description2=excluded.description2,line_role=excluded.line_role,target_type=excluded.target_type,creates_wallet_topup=excluded.creates_wallet_topup,creates_customer_advance=excluded.creates_customer_advance,creates_customer_credit=excluded.creates_customer_credit,creates_cash_change=excluded.creates_cash_change,blocks_posting=excluded.blocks_posting,requires_cash=excluded.requires_cash,display_order=excluded.display_order,updated_at=now();

-- Payment statuses
insert into public.sys_payment_status_cd (payment_status,name,name2,description,description2,status_group,counts_as_paid,is_pending,is_authorized,is_failed,is_terminal,allows_capture,allows_void,allows_refund,display_order) values
('PENDING','Pending','قيد الانتظار','Payment attempt created but not confirmed.','تم إنشاء محاولة الدفع ولم يتم تأكيدها.','PENDING',false,true,false,false,false,false,true,false,10),
('PROCESSING','Processing','قيد المعالجة','Payment is being processed.','الدفع قيد المعالجة.','PENDING',false,true,false,false,false,false,true,false,20),
('AUTHORIZED','Authorized','مفوض','Payment amount authorized but not captured.','تم تفويض مبلغ الدفع ولم يتم تحصيله.','AUTHORIZED',false,false,true,false,false,true,true,false,30),
('CAPTURE_PENDING','Capture Pending','بانتظار التحصيل','Capture requested but not completed.','تم طلب التحصيل ولم يكتمل.','PENDING',false,true,false,false,false,false,true,false,40),
('CAPTURED','Captured','محصل','Payment captured and counts as paid.','تم تحصيل الدفع ويعتبر مدفوعاً.','SUCCESS',true,false,false,false,false,false,false,true,50),
('SETTLED','Settled','مسوى','Payment settled by provider/bank and counts as paid.','تمت تسوية الدفع من المزود أو البنك ويعتبر مدفوعاً.','SUCCESS',true,false,false,false,false,false,false,true,60),
('COMPLETED','Completed','مكتمل','Payment completed and counts as paid.','اكتمل الدفع ويعتبر مدفوعاً.','SUCCESS',true,false,false,false,false,false,false,true,70),
('FAILED','Failed','فشل','Payment failed.','فشل الدفع.','FAILED',false,false,false,true,true,false,false,false,80),
('REFUSED','Refused','مرفوض','Payment refused by provider/bank.','تم رفض الدفع من المزود أو البنك.','FAILED',false,false,false,true,true,false,false,false,90),
('CANCELLED','Cancelled','ملغى','Payment cancelled.','تم إلغاء الدفع.','FAILED',false,false,false,true,true,false,false,false,100),
('EXPIRED','Expired','منتهي','Payment attempt expired.','انتهت صلاحية محاولة الدفع.','FAILED',false,false,false,true,true,false,false,false,110),
('VOIDED','Voided','ملغى التفويض','Authorization or payment was voided.','تم إلغاء التفويض أو الدفع.','REVERSED',false,false,false,false,true,false,false,false,120),
('REVERSED','Reversed','معكوس','Payment was reversed.','تم عكس الدفع.','REVERSED',false,false,false,false,true,false,false,false,130)
on conflict (payment_status) do update set name=excluded.name,name2=excluded.name2,description=excluded.description,description2=excluded.description2,status_group=excluded.status_group,counts_as_paid=excluded.counts_as_paid,is_pending=excluded.is_pending,is_authorized=excluded.is_authorized,is_failed=excluded.is_failed,is_terminal=excluded.is_terminal,allows_capture=excluded.allows_capture,allows_void=excluded.allows_void,allows_refund=excluded.allows_refund,display_order=excluded.display_order,updated_at=now();

-- Refund source types, tax document types/statuses should be seeded from prior v1.0 pack if already present.
-- Required v1.1-specific rows are already included above.

-- Default tenant allocation policy template - AI assistant must adapt to tenant seed convention.
-- insert into public.org_customer_receipt_allocation_policy_cf (...)
-- values ('<TENANT_ID>'::uuid, null, 'DEFAULT_OLDEST_DUE', ...);
