id,requirement,database,api,backend,frontend,verification
R001,Commitment boundary,org_orders_mst committed_at/by,change-context/Apply,order-change context/apply,Edit context,commitment migration+integration+E2E
R002,Separate edit/workflow concurrency,edit_state_version + existing state_version,context/preview/apply,capability/apply,conflict dialog,DB concurrency + E2E
R003,Stable item identity,item UUID + removal lineage,context/preview/apply,projection/mutation,item editor,identity integration/E2E
R004,Stable piece identity,piece UUID + removal lineage,context/preview/apply,projection/mutation,piece editor/selection,piece integration/E2E
R005,Stable preference identity,preference UUID + removal lineage,context/preview/apply,preference adapter,preference UI,all-level preference tests
R006,Generic preference ops,change ops table,preview/apply,projection/preference,preference UI,ORDER/ITEM/PIECE matrix
R007,Operation capability policy,workflow/profile config + order access,context/preview/apply,capability service,disabled/warn/override states,policy/gate tests
R008,Preview no writes,none,POST changes/preview,preview service,Review Changes,purity/instrumentation tests
R009,Atomic idempotent Apply,Change master/ops + idempotency/outbox,POST changes,apply service,Apply/retry,fault injection + concurrency
R010,Immutable payment history,existing finance facts,Apply response only,financial result + snapshot,financial outcome,20→15 financial tests
R011,Separate financial follow-up,existing finance + optional lineage,additional payment / resolution,Finance-owned adapter,financial resolution dialog,source/cap/race tests
R012,Tenant isolation,RLS + scoped FKs,all,all queries scoped,generic errors,cross-tenant RLS/API tests
R013,Configuration ownership,settings/flags/workflow/domain configs,context,config resolver,effective behavior,config precedence tests
R014,Legacy bypass closure,guards/no new table,legacy routes translate/deny,compat translators,existing screens,writer closure test
R015,Audit/history,Change master/ops + legacy read,GET changes,history adapter,history timeline,audit exactness tests
R016,Observability,outbox existing,all,logging/metrics/tracing,support surfaces,metrics/outbox tests
R017,EN/AR/RTL/a11y,message catalogs,UI routes,frontend,all Edit UI,Playwright EN/AR/a11y
B01,Post-commit commercial mutation uses one governed Order Change boundary.,commit/version CHECK and producer migration/backfill on disposable DB; normal direct committed DML denied; normal-role Data API/RPC/SECURITY DEFINER grants and RLS; composite FK; immutable history/commitment; allow legitimate Create/Workflow/Finance,new routes reject draft/legacy bypass; foreign-ID generic404; CSRF401/403; spoofing/direct legacy denial; limits413,actual Create and Change uncommitted rejection; every org query visible tenant predicate and current parent verification,Create regressions; zero-item Quick Drop detailing; permission/not-found/support states avoid leaks,"Required P01,P10; V2 missing/not run; unit: source classification and irreversible commitment; strict DTO/limits; actor/tenant not browser authority"
B02,Create Order remains separate from Order Change.,commit/version CHECK and producer migration/backfill on disposable DB; normal direct committed DML denied; support representative fixture-backed UI/Finance scenarios; no schema proof via browser mocks,"new routes reject draft/legacy bypass; real route/DTO integration, permission/not-found/error/conflict/replay",actual Create and Change uncommitted rejection; controller context/review/apply/error state tests with actual hook,Create regressions; zero-item Quick Drop detailing; Playwright EN/AR/RTL keyboard/focus/error/undo/Review/mobile; no vacuous assertions,"Required P01,P14; V2 missing/not run; unit: source classification and irreversible commitment; Edit reducer/builder IDs and no-op/dirty; shared Create preserved"
B03,Commitment is irreversible.,commit/version CHECK and producer migration/backfill on disposable DB; normal direct committed DML denied; normal-role Data API/RPC/SECURITY DEFINER grants and RLS; composite FK; immutable history/commitment; allow legitimate Create/Workflow/Finance,new routes reject draft/legacy bypass; foreign-ID generic404; CSRF401/403; spoofing/direct legacy denial; limits413,actual Create and Change uncommitted rejection; every org query visible tenant predicate and current parent verification,Create regressions; zero-item Quick Drop detailing; permission/not-found/support states avoid leaks,"Required P01,P10; V2 missing/not run; unit: source classification and irreversible commitment; strict DTO/limits; actor/tenant not browser authority"
B04,committed_at is the commitment source of truth.,commit/version CHECK and producer migration/backfill on disposable DB; normal direct committed DML denied,new routes reject draft/legacy bypass,actual Create and Change uncommitted rejection,Create regressions; zero-item Quick Drop detailing,Required P01; V2 missing/not run; unit: source classification and irreversible commitment
B05,Workflow and commercial versions are independent.,real row locks; two Apply winners; workflow/Finance races; rollback all facts; durable response; direct replay access scoped,"same-key payload conflict, replay, expired cache and lost response",actual Apply fault injection and supplied tx composition,conflict reload; frozen uncertain command; double-submit,Required P02; V2 missing/not run; unit: normalization hash; no-op; exact once revision
B06,One successful Change increments edit_state_version exactly once.,real row locks; two Apply winners; workflow/Finance races; rollback all facts; durable response; direct replay access scoped,"same-key payload conflict, replay, expired cache and lost response",actual Apply fault injection and supplied tx composition,conflict reload; frozen uncertain command; double-submit,Required P02; V2 missing/not run; unit: normalization hash; no-op; exact once revision
B07,Preview never mutates.,observe all canonical/history/outbox/usage tables unchanged; policy drift without version increment,Preview zero DML and stale/tampered review rejection,invoke Preview with instrumented writes; no promo redemption/snapshot,estimate labels; Review acknowledgement; no silent money mutation,Required P03; V2 missing/not run; unit: projection/calc equality; proof digest invalidation
B08,Apply is atomic.,real row locks; two Apply winners; workflow/Finance races; rollback all facts; durable response; direct replay access scoped,"same-key payload conflict, replay, expired cache and lost response",actual Apply fault injection and supplied tx composition,conflict reload; frozen uncertain command; double-submit,Required P02; V2 missing/not run; unit: normalization hash; no-op; exact once revision
B09,Apply is idempotent.,real row locks; two Apply winners; workflow/Finance races; rollback all facts; durable response; direct replay access scoped,"same-key payload conflict, replay, expired cache and lost response",actual Apply fault injection and supplied tx composition,conflict reload; frozen uncertain command; double-submit,Required P02; V2 missing/not run; unit: normalization hash; no-op; exact once revision
B10,Existing committed item IDs remain stable.,scoped hierarchy FKs; active/history readers; split and sequence races; removal lineage migration,forged refs/cyclic refs/protected piece requests rejected,actual mutations preserve IDs/logical removals/sequence; no product replacement,remove/undo/eligible piece selection; scan identities,Required P04; V2 missing/not run; unit: line/piece UUID normalization; same-product lines; quantity/piece coherence
B11,Existing committed piece IDs remain stable.,scoped hierarchy FKs; active/history readers; split and sequence races; removal lineage migration,forged refs/cyclic refs/protected piece requests rejected,actual mutations preserve IDs/logical removals/sequence; no product replacement,remove/undo/eligible piece selection; scan identities,Required P04; V2 missing/not run; unit: line/piece UUID normalization; same-product lines; quantity/piece coherence
B12,Existing preference IDs remain stable.,composite piece preference hierarchy and soft removal; split/reparent; lineage,complete context refs; cross-parent/wrong-kind rejection,catalog resolution and extra charges exactly once,generic kind editor/read-only state and repeated-product targeting in EN/AR,Required P05; V2 missing/not run; unit: all configured kinds and ORDER/ITEM/PIECE operations; ID preservation
B13,Product ID is not order-line identity.,scoped hierarchy FKs; active/history readers; split and sequence races; removal lineage migration,forged refs/cyclic refs/protected piece requests rejected,actual mutations preserve IDs/logical removals/sequence; no product replacement,remove/undo/eligible piece selection; scan identities,Required P04; V2 missing/not run; unit: line/piece UUID normalization; same-product lines; quantity/piece coherence
B14,Piece sequence is not piece identity.,scoped hierarchy FKs; active/history readers; split and sequence races; removal lineage migration,forged refs/cyclic refs/protected piece requests rejected,actual mutations preserve IDs/logical removals/sequence; no product replacement,remove/undo/eligible piece selection; scan identities,Required P04; V2 missing/not run; unit: line/piece UUID normalization; same-product lines; quantity/piece coherence
B15,No product replacement operation exists.,scoped hierarchy FKs; active/history readers; split and sequence races; removal lineage migration,forged refs/cyclic refs/protected piece requests rejected,actual mutations preserve IDs/logical removals/sequence; no product replacement,remove/undo/eligible piece selection; scan identities,Required P04; V2 missing/not run; unit: line/piece UUID normalization; same-product lines; quantity/piece coherence
B16,Adding a piece increases quantity.,scoped hierarchy FKs; active/history readers; split and sequence races; removal lineage migration,forged refs/cyclic refs/protected piece requests rejected,actual mutations preserve IDs/logical removals/sequence; no product replacement,remove/undo/eligible piece selection; scan identities,Required P04; V2 missing/not run; unit: line/piece UUID normalization; same-product lines; quantity/piece coherence
B17,Removing a piece decreases quantity.,scoped hierarchy FKs; active/history readers; split and sequence races; removal lineage migration,forged refs/cyclic refs/protected piece requests rejected,actual mutations preserve IDs/logical removals/sequence; no product replacement,remove/undo/eligible piece selection; scan identities,Required P04; V2 missing/not run; unit: line/piece UUID normalization; same-product lines; quantity/piece coherence
B18,All configurable preference kinds use generic preference operations.,composite piece preference hierarchy and soft removal; split/reparent; lineage,complete context refs; cross-parent/wrong-kind rejection,catalog resolution and extra charges exactly once,generic kind editor/read-only state and repeated-product targeting in EN/AR,Required P05; V2 missing/not run; unit: all configured kinds and ORDER/ITEM/PIECE operations; ID preservation
B19,PIECE preferences retain order -> item -> piece hierarchy.,composite piece preference hierarchy and soft removal; split/reparent; lineage; normal-role Data API/RPC/SECURITY DEFINER grants and RLS; composite FK; immutable history/commitment; allow legitimate Create/Workflow/Finance,complete context refs; cross-parent/wrong-kind rejection; foreign-ID generic404; CSRF401/403; spoofing/direct legacy denial; limits413,catalog resolution and extra charges exactly once; every org query visible tenant predicate and current parent verification,generic kind editor/read-only state and repeated-product targeting in EN/AR; permission/not-found/support states avoid leaks,"Required P05,P10; V2 missing/not run; unit: all configured kinds and ORDER/ITEM/PIECE operations; ID preservation; strict DTO/limits; actor/tenant not browser authority"
B20,Server is authoritative for money.,"observe all canonical/history/outbox/usage tables unchanged; policy drift without version increment; persisted active totals equal snapshot; legacy10,3 range/quantization and rounding; no historical reinterpretation",Preview zero DML and stale/tampered review rejection; client money untrusted; dependency errors and drift mapped,invoke Preview with instrumented writes; no promo redemption/snapshot; real algorithms with explicit resolved inputs and transaction readers,estimate labels; Review acknowledgement; no silent money mutation; review sources/warnings; money formatting; inline adjustment and typed-money protection,"Required P03,P06; V2 missing/not run; unit: projection/calc equality; proof digest invalidation; unchanged line preservation; nonzero adjustment; inclusive/exclusive/charges/discount/precision"
B21,Existing pricing/tax/discount engines are reused.,"persisted active totals equal snapshot; legacy10,3 range/quantization and rounding; no historical reinterpretation",client money untrusted; dependency errors and drift mapped,real algorithms with explicit resolved inputs and transaction readers,review sources/warnings; money formatting; inline adjustment and typed-money protection,Required P06; V2 missing/not run; unit: unchanged line preservation; nonzero adjustment; inclusive/exclusive/charges/discount/precision
B22,Existing financial aggregation/snapshot logic is reused.,payment/voucher/credit/receipt history unchanged; Finance race serializes; posted AR and fiscal correction reconciliation,Apply outcomes vs separate follow-up contracts/permissions,real aggregation/snapshot and no settlement writes during Change,optional/required collection and supported resolution; denied follow-up does not undo Change,Required P07; V2 missing/not run; unit: partial/paid deltas and overpayment; per-source caps
B23,Historical payment/voucher facts are immutable.,payment/voucher/credit/receipt history unchanged; Finance race serializes; posted AR and fiscal correction reconciliation; normal-role Data API/RPC/SECURITY DEFINER grants and RLS; composite FK; immutable history/commitment; allow legitimate Create/Workflow/Finance,Apply outcomes vs separate follow-up contracts/permissions; foreign-ID generic404; CSRF401/403; spoofing/direct legacy denial; limits413,real aggregation/snapshot and no settlement writes during Change; every org query visible tenant predicate and current parent verification,optional/required collection and supported resolution; denied follow-up does not undo Change; permission/not-found/support states avoid leaks,"Required P07,P10; V2 missing/not run; unit: partial/paid deltas and overpayment; per-source caps; strict DTO/limits; actor/tenant not browser authority"
B24,Commercial delta is not a payment/refund instruction.,payment/voucher/credit/receipt history unchanged; Finance race serializes; posted AR and fiscal correction reconciliation,Apply outcomes vs separate follow-up contracts/permissions,real aggregation/snapshot and no settlement writes during Change,optional/required collection and supported resolution; denied follow-up does not undo Change,Required P07; V2 missing/not run; unit: partial/paid deltas and overpayment; per-source caps
B25,Overpayment is derived from financial state.,payment/voucher/credit/receipt history unchanged; Finance race serializes; posted AR and fiscal correction reconciliation,Apply outcomes vs separate follow-up contracts/permissions,real aggregation/snapshot and no settlement writes during Change,optional/required collection and supported resolution; denied follow-up does not undo Change,Required P07; V2 missing/not run; unit: partial/paid deltas and overpayment; per-source caps
B26,Additional collection may use Payment Modal V4.,parallel refund/resolve source cap; voucher/source lineage; cash/FX ledger; immutable original doc; support representative fixture-backed UI/Finance scenarios; no schema proof via browser mocks,"independent permissions/idempotency; server actor; uncertain follow-up replay; real route/DTO integration, permission/not-found/error/conflict/replay",actual Finance command; manual gateway/refund lifecycle; drawer movement once; controller context/review/apply/error state tests with actual hook,separate Payment V4 adapter/resolution; failures retain Change; Playwright EN/AR/RTL keyboard/focus/error/undo/Review/mobile; no vacuous assertions,"Required P08,P14; V2 missing/not run; unit: qualified source/method/disposition and restoration caps; Edit reducer/builder IDs and no-op/dirty; shared Create preserved"
B27,Overpayment uses a focused Financial Resolution capability.,parallel refund/resolve source cap; voucher/source lineage; cash/FX ledger; immutable original doc; support representative fixture-backed UI/Finance scenarios; no schema proof via browser mocks,"independent permissions/idempotency; server actor; uncertain follow-up replay; real route/DTO integration, permission/not-found/error/conflict/replay",actual Finance command; manual gateway/refund lifecycle; drawer movement once; controller context/review/apply/error state tests with actual hook,separate Payment V4 adapter/resolution; failures retain Change; Playwright EN/AR/RTL keyboard/focus/error/undo/Review/mobile; no vacuous assertions,"Required P08,P14; V2 missing/not run; unit: qualified source/method/disposition and restoration caps; Edit reducer/builder IDs and no-op/dirty; shared Create preserved"
B28,Issued fiscal facts are not rewritten.,payment/voucher/credit/receipt history unchanged; Finance race serializes; posted AR and fiscal correction reconciliation; parallel refund/resolve source cap; voucher/source lineage; cash/FX ledger; immutable original doc,Apply outcomes vs separate follow-up contracts/permissions; independent permissions/idempotency; server actor; uncertain follow-up replay,real aggregation/snapshot and no settlement writes during Change; actual Finance command; manual gateway/refund lifecycle; drawer movement once,optional/required collection and supported resolution; denied follow-up does not undo Change; separate Payment V4 adapter/resolution; failures retain Change,"Required P07,P08; V2 missing/not run; unit: partial/paid deltas and overpayment; per-source caps; qualified source/method/disposition and restoration caps"
B29,"Current semantic workflow engine is reused, not duplicated.",workflow version unchanged by Change; race with processing/cancel/split; missing binding fails closed,permission revoked or proof edited/expired returns denial/conflict,reuse policy/gates without executing transition; reload actor/policy,blocked target explanation/reason/ack/review; no status-array policy,Required P09; V2 missing/not run; unit: operation/target decisions; hard denial; warning/override/reason
B30,Hard-coded whole-order editability is not V2 authority.,workflow version unchanged by Change; race with processing/cancel/split; missing binding fails closed; review permission/flag seeds and specific role grants; unsafe inherited grants revoked; no V2 cohort bypass,permission revoked or proof edited/expired returns denial/conflict; context capability source; feature OFF/revoked; no browser policies,reuse policy/gates without executing transition; reload actor/policy; HQ/domain resolver adapters; revalidate freshness/fingerprint,blocked target explanation/reason/ack/review; no status-array policy; capability-driven fields; branch/customer/currency read-only,"Required P09,P11; V2 missing/not run; unit: operation/target decisions; hard denial; warning/override/reason; source/default/failure and precedence; no policy forest"
B31,Tenant isolation is enforced server-side.,normal-role Data API/RPC/SECURITY DEFINER grants and RLS; composite FK; immutable history/commitment; allow legitimate Create/Workflow/Finance,foreign-ID generic404; CSRF401/403; spoofing/direct legacy denial; limits413,every org query visible tenant predicate and current parent verification,permission/not-found/support states avoid leaks,Required P10; V2 missing/not run; unit: strict DTO/limits; actor/tenant not browser authority
B32,External calls are outside the core Change transaction.,real row locks; two Apply winners; workflow/Finance races; rollback all facts; durable response; direct replay access scoped; immutable history; rollback no event; at-least-once business effect idempotent; removal/split history preserved,"same-key payload conflict, replay, expired cache and lost response; cursor history/auth/money redaction/request identifiers",actual Apply fault injection and supplied tx composition; transaction history/outbox with actual registered consumer,conflict reload; frozen uncertain command; double-submit; history/revision/support refs; failed follow-up linked,"Required P02,P13; V2 missing/not run; unit: normalization hash; no-op; exact once revision; safe before/after diff and event payload; no secrets"
B33,org_order_edit_history is legacy/compatibility only for V2.,immutable history; rollback no event; at-least-once business effect idempotent; removal/split history preserved,cursor history/auth/money redaction/request identifiers,transaction history/outbox with actual registered consumer,history/revision/support refs; failed follow-up linked,Required P13; V2 missing/not run; unit: safe before/after diff and event payload; no secrets
B34,New Order must remain working through every migration phase.,commit/version CHECK and producer migration/backfill on disposable DB; normal direct committed DML denied; support representative fixture-backed UI/Finance scenarios; no schema proof via browser mocks,"new routes reject draft/legacy bypass; real route/DTO integration, permission/not-found/error/conflict/replay",actual Create and Change uncommitted rejection; controller context/review/apply/error state tests with actual hook,Create regressions; zero-item Quick Drop detailing; Playwright EN/AR/RTL keyboard/focus/error/undo/Review/mobile; no vacuous assertions,"Required P01,P14; V2 missing/not run; unit: source classification and irreversible commitment; Edit reducer/builder IDs and no-op/dirty; shared Create preserved"
B35,Customer identity is immutable post-commit in V1.,normal-role Data API/RPC/SECURITY DEFINER grants and RLS; composite FK; immutable history/commitment; allow legitimate Create/Workflow/Finance; review permission/flag seeds and specific role grants; unsafe inherited grants revoked; no V2 cohort bypass,foreign-ID generic404; CSRF401/403; spoofing/direct legacy denial; limits413; context capability source; feature OFF/revoked; no browser policies,every org query visible tenant predicate and current parent verification; HQ/domain resolver adapters; revalidate freshness/fingerprint,permission/not-found/support states avoid leaks; capability-driven fields; branch/customer/currency read-only,"Required P10,P11; V2 missing/not run; unit: strict DTO/limits; actor/tenant not browser authority; source/default/failure and precedence; no policy forest"
B36,Branch change is prohibited/deferred in V1; no V1 setting or override enables reassignment.,normal-role Data API/RPC/SECURITY DEFINER grants and RLS; composite FK; immutable history/commitment; allow legitimate Create/Workflow/Finance; review permission/flag seeds and specific role grants; unsafe inherited grants revoked; no V2 cohort bypass,foreign-ID generic404; CSRF401/403; spoofing/direct legacy denial; limits413; context capability source; feature OFF/revoked; no browser policies,every org query visible tenant predicate and current parent verification; HQ/domain resolver adapters; revalidate freshness/fingerprint,permission/not-found/support states avoid leaks; capability-driven fields; branch/customer/currency read-only,"Required P10,P11; V2 missing/not run; unit: strict DTO/limits; actor/tenant not browser authority; source/default/failure and precedence; no policy forest"
B37,Cancellation/Return/Issue/Stop remain separate business workflows.,workflow version unchanged by Change; race with processing/cancel/split; missing binding fails closed; normal-role Data API/RPC/SECURITY DEFINER grants and RLS; composite FK; immutable history/commitment; allow legitimate Create/Workflow/Finance,permission revoked or proof edited/expired returns denial/conflict; foreign-ID generic404; CSRF401/403; spoofing/direct legacy denial; limits413,reuse policy/gates without executing transition; reload actor/policy; every org query visible tenant predicate and current parent verification,blocked target explanation/reason/ack/review; no status-array policy; permission/not-found/support states avoid leaks,"Required P09,P10; V2 missing/not run; unit: operation/target decisions; hard denial; warning/override/reason; strict DTO/limits; actor/tenant not browser authority"
C36,No monolithic Edit policy table in V1.,review permission/flag seeds and specific role grants; unsafe inherited grants revoked; no V2 cohort bypass,context capability source; feature OFF/revoked; no browser policies,HQ/domain resolver adapters; revalidate freshness/fingerprint,capability-driven fields; branch/customer/currency read-only,Required P11; V2 missing/not run; unit: source/default/failure and precedence; no policy forest
C37,"No duplicate Pricing, Tax, Finance, Delivery, Notification or RBAC configuration is created for Edit Order.","persisted active totals equal snapshot; legacy10,3 range/quantization and rounding; no historical reinterpretation; payment/voucher/credit/receipt history unchanged; Finance race serializes; posted AR and fiscal correction reconciliation; parallel refund/resolve source cap; voucher/source lineage; cash/FX ledger; immutable original doc; review permission/flag seeds and specific role grants; unsafe inherited grants revoked; no V2 cohort bypass; immutable history; rollback no event; at-least-once business effect idempotent; removal/split history preserved",client money untrusted; dependency errors and drift mapped; Apply outcomes vs separate follow-up contracts/permissions; independent permissions/idempotency; server actor; uncertain follow-up replay; context capability source; feature OFF/revoked; no browser policies; cursor history/auth/money redaction/request identifiers,real algorithms with explicit resolved inputs and transaction readers; real aggregation/snapshot and no settlement writes during Change; actual Finance command; manual gateway/refund lifecycle; drawer movement once; HQ/domain resolver adapters; revalidate freshness/fingerprint; transaction history/outbox with actual registered consumer,review sources/warnings; money formatting; inline adjustment and typed-money protection; optional/required collection and supported resolution; denied follow-up does not undo Change; separate Payment V4 adapter/resolution; failures retain Change; capability-driven fields; branch/customer/currency read-only; history/revision/support refs; failed follow-up linked,"Required P06,P07,P08,P11,P13; V2 missing/not run; unit: unchanged line preservation; nonzero adjustment; inclusive/exclusive/charges/discount/precision; partial/paid deltas and overpayment; per-source caps; qualified source/method/disposition and restoration caps; source/default/failure and precedence; no policy forest; safe before/after diff and event payload; no secrets"
C38,Workflow commercial-operation policy replaces hard-coded editable-status arrays as V2 authority.,workflow version unchanged by Change; race with processing/cancel/split; missing binding fails closed,permission revoked or proof edited/expired returns denial/conflict,reuse policy/gates without executing transition; reload actor/policy,blocked target explanation/reason/ack/review; no status-array policy,Required P09; V2 missing/not run; unit: operation/target decisions; hard denial; warning/override/reason
C39,"Per-order Edit blocking is order state, not tenant configuration.",CHECK expiry/state consistency; permanent block cannot clear; actor/source audited,block between context/Preview/Apply; authorized override cannot bypass,block guard reloaded under lock,reason/expiry/read-only denied controls,Required P12; V2 missing/not run; unit: temporary expiry re-evaluation; permanent block absolute
C40,Missing sensitive commercial-operation policy fails closed.,workflow version unchanged by Change; race with processing/cancel/split; missing binding fails closed; review permission/flag seeds and specific role grants; unsafe inherited grants revoked; no V2 cohort bypass,permission revoked or proof edited/expired returns denial/conflict; context capability source; feature OFF/revoked; no browser policies,reuse policy/gates without executing transition; reload actor/policy; HQ/domain resolver adapters; revalidate freshness/fingerprint,blocked target explanation/reason/ack/review; no status-array policy; capability-driven fields; branch/customer/currency read-only,"Required P09,P11; V2 missing/not run; unit: operation/target decisions; hard denial; warning/override/reason; source/default/failure and precedence; no policy forest"
C41,`orders:edit` and `orders:edit_override` are separate permissions.,workflow version unchanged by Change; race with processing/cancel/split; missing binding fails closed; normal-role Data API/RPC/SECURITY DEFINER grants and RLS; composite FK; immutable history/commitment; allow legitimate Create/Workflow/Finance; review permission/flag seeds and specific role grants; unsafe inherited grants revoked; no V2 cohort bypass,permission revoked or proof edited/expired returns denial/conflict; foreign-ID generic404; CSRF401/403; spoofing/direct legacy denial; limits413; context capability source; feature OFF/revoked; no browser policies,reuse policy/gates without executing transition; reload actor/policy; every org query visible tenant predicate and current parent verification; HQ/domain resolver adapters; revalidate freshness/fingerprint,blocked target explanation/reason/ack/review; no status-array policy; permission/not-found/support states avoid leaks; capability-driven fields; branch/customer/currency read-only,"Required P09,P10,P11; V2 missing/not run; unit: operation/target decisions; hard denial; warning/override/reason; strict DTO/limits; actor/tenant not browser authority; source/default/failure and precedence; no policy forest"
C42,Price override reuses `pricing:override`.,"persisted active totals equal snapshot; legacy10,3 range/quantization and rounding; no historical reinterpretation; normal-role Data API/RPC/SECURITY DEFINER grants and RLS; composite FK; immutable history/commitment; allow legitimate Create/Workflow/Finance; review permission/flag seeds and specific role grants; unsafe inherited grants revoked; no V2 cohort bypass",client money untrusted; dependency errors and drift mapped; foreign-ID generic404; CSRF401/403; spoofing/direct legacy denial; limits413; context capability source; feature OFF/revoked; no browser policies,real algorithms with explicit resolved inputs and transaction readers; every org query visible tenant predicate and current parent verification; HQ/domain resolver adapters; revalidate freshness/fingerprint,review sources/warnings; money formatting; inline adjustment and typed-money protection; permission/not-found/support states avoid leaks; capability-driven fields; branch/customer/currency read-only,"Required P06,P10,P11; V2 missing/not run; unit: unchanged line preservation; nonzero adjustment; inclusive/exclusive/charges/discount/precision; strict DTO/limits; actor/tenant not browser authority; source/default/failure and precedence; no policy forest"
C43,Additional-due policy remains Finance-owned.,payment/voucher/credit/receipt history unchanged; Finance race serializes; posted AR and fiscal correction reconciliation; parallel refund/resolve source cap; voucher/source lineage; cash/FX ledger; immutable original doc,Apply outcomes vs separate follow-up contracts/permissions; independent permissions/idempotency; server actor; uncertain follow-up replay,real aggregation/snapshot and no settlement writes during Change; actual Finance command; manual gateway/refund lifecycle; drawer movement once,optional/required collection and supported resolution; denied follow-up does not undo Change; separate Payment V4 adapter/resolution; failures retain Change,"Required P07,P08; V2 missing/not run; unit: partial/paid deltas and overpayment; per-source caps; qualified source/method/disposition and restoration caps"
C44,Overpayment disposition remains Finance-owned.,payment/voucher/credit/receipt history unchanged; Finance race serializes; posted AR and fiscal correction reconciliation; parallel refund/resolve source cap; voucher/source lineage; cash/FX ledger; immutable original doc,Apply outcomes vs separate follow-up contracts/permissions; independent permissions/idempotency; server actor; uncertain follow-up replay,real aggregation/snapshot and no settlement writes during Change; actual Finance command; manual gateway/refund lifecycle; drawer movement once,optional/required collection and supported resolution; denied follow-up does not undo Change; separate Payment V4 adapter/resolution; failures retain Change,"Required P07,P08; V2 missing/not run; unit: partial/paid deltas and overpayment; per-source caps; qualified source/method/disposition and restoration caps"
C45,Issued fiscal-document behavior remains Tax/Fiscal-owned.,payment/voucher/credit/receipt history unchanged; Finance race serializes; posted AR and fiscal correction reconciliation; parallel refund/resolve source cap; voucher/source lineage; cash/FX ledger; immutable original doc,Apply outcomes vs separate follow-up contracts/permissions; independent permissions/idempotency; server actor; uncertain follow-up replay,real aggregation/snapshot and no settlement writes during Change; actual Finance command; manual gateway/refund lifecycle; drawer movement once,optional/required collection and supported resolution; denied follow-up does not undo Change; separate Payment V4 adapter/resolution; failures retain Change,"Required P07,P08; V2 missing/not run; unit: partial/paid deltas and overpayment; per-source caps; qualified source/method/disposition and restoration caps"
C46,Customer identity reassignment is not configurable in V1; it is denied.,normal-role Data API/RPC/SECURITY DEFINER grants and RLS; composite FK; immutable history/commitment; allow legitimate Create/Workflow/Finance; review permission/flag seeds and specific role grants; unsafe inherited grants revoked; no V2 cohort bypass,foreign-ID generic404; CSRF401/403; spoofing/direct legacy denial; limits413; context capability source; feature OFF/revoked; no browser policies,every org query visible tenant predicate and current parent verification; HQ/domain resolver adapters; revalidate freshness/fingerprint,permission/not-found/support states avoid leaks; capability-driven fields; branch/customer/currency read-only,"Required P10,P11; V2 missing/not run; unit: strict DTO/limits; actor/tenant not browser authority; source/default/failure and precedence; no policy forest"
C47,Branch reassignment is not configurable in V1; it is denied/deferred.,normal-role Data API/RPC/SECURITY DEFINER grants and RLS; composite FK; immutable history/commitment; allow legitimate Create/Workflow/Finance; review permission/flag seeds and specific role grants; unsafe inherited grants revoked; no V2 cohort bypass,foreign-ID generic404; CSRF401/403; spoofing/direct legacy denial; limits413; context capability source; feature OFF/revoked; no browser policies,every org query visible tenant predicate and current parent verification; HQ/domain resolver adapters; revalidate freshness/fingerprint,permission/not-found/support states avoid leaks; capability-driven fields; branch/customer/currency read-only,"Required P10,P11; V2 missing/not run; unit: strict DTO/limits; actor/tenant not browser authority; source/default/failure and precedence; no policy forest"
C48,Generic maker/checker or amount-threshold Edit approval is deferred.,workflow version unchanged by Change; race with processing/cancel/split; missing binding fails closed; review permission/flag seeds and specific role grants; unsafe inherited grants revoked; no V2 cohort bypass,permission revoked or proof edited/expired returns denial/conflict; context capability source; feature OFF/revoked; no browser policies,reuse policy/gates without executing transition; reload actor/policy; HQ/domain resolver adapters; revalidate freshness/fingerprint,blocked target explanation/reason/ack/review; no status-array policy; capability-driven fields; branch/customer/currency read-only,"Required P09,P11; V2 missing/not run; unit: operation/target decisions; hard denial; warning/override/reason; source/default/failure and precedence; no policy forest"
C49,Edit V2 uses its own rollout flag and never repurposes B12 `order_fin_governed_amendments`.,review permission/flag seeds and specific role grants; unsafe inherited grants revoked; no V2 cohort bypass,context capability source; feature OFF/revoked; no browser policies,HQ/domain resolver adapters; revalidate freshness/fingerprint,capability-driven fields; branch/customer/currency read-only,Required P11; V2 missing/not run; unit: source/default/failure and precedence; no policy forest
C50,UI consumes server-resolved capabilities and never becomes the policy authority.,review permission/flag seeds and specific role grants; unsafe inherited grants revoked; no V2 cohort bypass; support representative fixture-backed UI/Finance scenarios; no schema proof via browser mocks,"context capability source; feature OFF/revoked; no browser policies; real route/DTO integration, permission/not-found/error/conflict/replay",HQ/domain resolver adapters; revalidate freshness/fingerprint; controller context/review/apply/error state tests with actual hook,capability-driven fields; branch/customer/currency read-only; Playwright EN/AR/RTL keyboard/focus/error/undo/Review/mobile; no vacuous assertions,"Required P11,P14; V2 missing/not run; unit: source/default/failure and precedence; no policy forest; Edit reducer/builder IDs and no-op/dirty; shared Create preserved"
C51,Apply revalidates material policy/calculation inputs and requires re-review on material drift.,observe all canonical/history/outbox/usage tables unchanged; policy drift without version increment; workflow version unchanged by Change; race with processing/cancel/split; missing binding fails closed; review permission/flag seeds and specific role grants; unsafe inherited grants revoked; no V2 cohort bypass,Preview zero DML and stale/tampered review rejection; permission revoked or proof edited/expired returns denial/conflict; context capability source; feature OFF/revoked; no browser policies,invoke Preview with instrumented writes; no promo redemption/snapshot; reuse policy/gates without executing transition; reload actor/policy; HQ/domain resolver adapters; revalidate freshness/fingerprint,estimate labels; Review acknowledgement; no silent money mutation; blocked target explanation/reason/ack/review; no status-array policy; capability-driven fields; branch/customer/currency read-only,"Required P03,P09,P11; V2 missing/not run; unit: projection/calc equality; proof digest invalidation; operation/target decisions; hard denial; warning/override/reason; source/default/failure and precedence; no policy forest"
V3A,Every persisted business behavior must trace to DB/API/service/UI/test or an explicit non-UI owner.,"commit/version CHECK and producer migration/backfill on disposable DB; normal direct committed DML denied; scoped hierarchy FKs; active/history readers; split and sequence races; removal lineage migration; composite piece preference hierarchy and soft removal; split/reparent; lineage; persisted active totals equal snapshot; legacy10,3 range/quantization and rounding; no historical reinterpretation; payment/voucher/credit/receipt history unchanged; Finance race serializes; posted AR and fiscal correction reconciliation; workflow version unchanged by Change; race with processing/cancel/split; missing binding fails closed; normal-role Data API/RPC/SECURITY DEFINER grants and RLS; composite FK; immutable history/commitment; allow legitimate Create/Workflow/Finance; immutable history; rollback no event; at-least-once business effect idempotent; removal/split history preserved; support representative fixture-backed UI/Finance scenarios; no schema proof via browser mocks","new routes reject draft/legacy bypass; forged refs/cyclic refs/protected piece requests rejected; complete context refs; cross-parent/wrong-kind rejection; client money untrusted; dependency errors and drift mapped; Apply outcomes vs separate follow-up contracts/permissions; permission revoked or proof edited/expired returns denial/conflict; foreign-ID generic404; CSRF401/403; spoofing/direct legacy denial; limits413; cursor history/auth/money redaction/request identifiers; real route/DTO integration, permission/not-found/error/conflict/replay",actual Create and Change uncommitted rejection; actual mutations preserve IDs/logical removals/sequence; no product replacement; catalog resolution and extra charges exactly once; real algorithms with explicit resolved inputs and transaction readers; real aggregation/snapshot and no settlement writes during Change; reuse policy/gates without executing transition; reload actor/policy; every org query visible tenant predicate and current parent verification; transaction history/outbox with actual registered consumer; controller context/review/apply/error state tests with actual hook,Create regressions; zero-item Quick Drop detailing; remove/undo/eligible piece selection; scan identities; generic kind editor/read-only state and repeated-product targeting in EN/AR; review sources/warnings; money formatting; inline adjustment and typed-money protection; optional/required collection and supported resolution; denied follow-up does not undo Change; blocked target explanation/reason/ack/review; no status-array policy; permission/not-found/support states avoid leaks; history/revision/support refs; failed follow-up linked; Playwright EN/AR/RTL keyboard/focus/error/undo/Review/mobile; no vacuous assertions,"Required P01,P04,P05,P06,P07,P09,P10,P13,P14; V2 missing/not run; unit: source classification and irreversible commitment; line/piece UUID normalization; same-product lines; quantity/piece coherence; all configured kinds and ORDER/ITEM/PIECE operations; ID preservation; unchanged line preservation; nonzero adjustment; inclusive/exclusive/charges/discount/precision; partial/paid deltas and overpayment; per-source caps; operation/target decisions; hard denial; warning/override/reason; strict DTO/limits; actor/tenant not browser authority; safe before/after diff and event payload; no secrets; Edit reducer/builder IDs and no-op/dirty; shared Create preserved"
V3B,Missing required configuration fails closed or uses only a documented frozen default.,review permission/flag seeds and specific role grants; unsafe inherited grants revoked; no V2 cohort bypass,context capability source; feature OFF/revoked; no browser policies,HQ/domain resolver adapters; revalidate freshness/fingerprint,capability-driven fields; branch/customer/currency read-only,Required P11; V2 missing/not run; unit: source/default/failure and precedence; no policy forest
V3C,"Open decision gates are release blockers for dependent modes, not permission for developer guessing.",review permission/flag seeds and specific role grants; unsafe inherited grants revoked; no V2 cohort bypass,context capability source; feature OFF/revoked; no browser policies,HQ/domain resolver adapters; revalidate freshness/fingerprint,capability-driven fields; branch/customer/currency read-only,Required P11; V2 missing/not run; unit: source/default/failure and precedence; no policy forest
V3D,Enabled cohorts cannot retain an ungoverned committed commercial write bypass.,commit/version CHECK and producer migration/backfill on disposable DB; normal direct committed DML denied; normal-role Data API/RPC/SECURITY DEFINER grants and RLS; composite FK; immutable history/commitment; allow legitimate Create/Workflow/Finance; review permission/flag seeds and specific role grants; unsafe inherited grants revoked; no V2 cohort bypass,new routes reject draft/legacy bypass; foreign-ID generic404; CSRF401/403; spoofing/direct legacy denial; limits413; context capability source; feature OFF/revoked; no browser policies,actual Create and Change uncommitted rejection; every org query visible tenant predicate and current parent verification; HQ/domain resolver adapters; revalidate freshness/fingerprint,Create regressions; zero-item Quick Drop detailing; permission/not-found/support states avoid leaks; capability-driven fields; branch/customer/currency read-only,"Required P01,P10,P11; V2 missing/not run; unit: source classification and irreversible commitment; strict DTO/limits; actor/tenant not browser authority; source/default/failure and precedence; no policy forest"
S01,Uncommitted draft edit,commit/version CHECK and producer migration/backfill on disposable DB; normal direct committed DML denied; support representative fixture-backed UI/Finance scenarios; no schema proof via browser mocks,"new routes reject draft/legacy bypass; real route/DTO integration, permission/not-found/error/conflict/replay",actual Create and Change uncommitted rejection; controller context/review/apply/error state tests with actual hook,Create regressions; zero-item Quick Drop detailing; Playwright EN/AR/RTL keyboard/focus/error/undo/Review/mobile; no vacuous assertions,"Required P01,P14; V2 missing/not run; Change denied; Create still works"
S02,Committed unpaid add,"scoped hierarchy FKs; active/history readers; split and sequence races; removal lineage migration; persisted active totals equal snapshot; legacy10,3 range/quantization and rounding; no historical reinterpretation; payment/voucher/credit/receipt history unchanged; Finance race serializes; posted AR and fiscal correction reconciliation; support representative fixture-backed UI/Finance scenarios; no schema proof via browser mocks","forged refs/cyclic refs/protected piece requests rejected; client money untrusted; dependency errors and drift mapped; Apply outcomes vs separate follow-up contracts/permissions; real route/DTO integration, permission/not-found/error/conflict/replay",actual mutations preserve IDs/logical removals/sequence; no product replacement; real algorithms with explicit resolved inputs and transaction readers; real aggregation/snapshot and no settlement writes during Change; controller context/review/apply/error state tests with actual hook,remove/undo/eligible piece selection; scan identities; review sources/warnings; money formatting; inline adjustment and typed-money protection; optional/required collection and supported resolution; denied follow-up does not undo Change; Playwright EN/AR/RTL keyboard/focus/error/undo/Review/mobile; no vacuous assertions,"Required P04,P06,P07,P14; V2 missing/not run; stable new ref; outstanding rises; no payment"
S03,Committed unpaid remove,scoped hierarchy FKs; active/history readers; split and sequence races; removal lineage migration; payment/voucher/credit/receipt history unchanged; Finance race serializes; posted AR and fiscal correction reconciliation; immutable history; rollback no event; at-least-once business effect idempotent; removal/split history preserved,forged refs/cyclic refs/protected piece requests rejected; Apply outcomes vs separate follow-up contracts/permissions; cursor history/auth/money redaction/request identifiers,actual mutations preserve IDs/logical removals/sequence; no product replacement; real aggregation/snapshot and no settlement writes during Change; transaction history/outbox with actual registered consumer,remove/undo/eligible piece selection; scan identities; optional/required collection and supported resolution; denied follow-up does not undo Change; history/revision/support refs; failed follow-up linked,"Required P04,P07,P13; V2 missing/not run; logical descendants; historical UUIDs; outstanding falls"
S04,Quantity increase/decrease,scoped hierarchy FKs; active/history readers; split and sequence races; removal lineage migration; workflow version unchanged by Change; race with processing/cancel/split; missing binding fails closed; support representative fixture-backed UI/Finance scenarios; no schema proof via browser mocks,"forged refs/cyclic refs/protected piece requests rejected; permission revoked or proof edited/expired returns denial/conflict; real route/DTO integration, permission/not-found/error/conflict/replay",actual mutations preserve IDs/logical removals/sequence; no product replacement; reuse policy/gates without executing transition; reload actor/policy; controller context/review/apply/error state tests with actual hook,remove/undo/eligible piece selection; scan identities; blocked target explanation/reason/ack/review; no status-array policy; Playwright EN/AR/RTL keyboard/focus/error/undo/Review/mobile; no vacuous assertions,"Required P04,P09,P14; V2 missing/not run; exact eligible pieces; protected denial; no trim"
S05,Add/remove piece,scoped hierarchy FKs; active/history readers; split and sequence races; removal lineage migration; composite piece preference hierarchy and soft removal; split/reparent; lineage,forged refs/cyclic refs/protected piece requests rejected; complete context refs; cross-parent/wrong-kind rejection,actual mutations preserve IDs/logical removals/sequence; no product replacement; catalog resolution and extra charges exactly once,remove/undo/eligible piece selection; scan identities; generic kind editor/read-only state and repeated-product targeting in EN/AR,"Required P04,P05; V2 missing/not run; quantity plus/minus one; sequence not reused; parent valid"
S06,ORDER preference,"composite piece preference hierarchy and soft removal; split/reparent; lineage; persisted active totals equal snapshot; legacy10,3 range/quantization and rounding; no historical reinterpretation",complete context refs; cross-parent/wrong-kind rejection; client money untrusted; dependency errors and drift mapped,catalog resolution and extra charges exactly once; real algorithms with explicit resolved inputs and transaction readers,generic kind editor/read-only state and repeated-product targeting in EN/AR; review sources/warnings; money formatting; inline adjustment and typed-money protection,"Required P05,P06; V2 missing/not run; all generic kinds; additive exactly once"
S07,ITEM preference,"composite piece preference hierarchy and soft removal; split/reparent; lineage; persisted active totals equal snapshot; legacy10,3 range/quantization and rounding; no historical reinterpretation",complete context refs; cross-parent/wrong-kind rejection; client money untrusted; dependency errors and drift mapped,catalog resolution and extra charges exactly once; real algorithms with explicit resolved inputs and transaction readers,generic kind editor/read-only state and repeated-product targeting in EN/AR; review sources/warnings; money formatting; inline adjustment and typed-money protection,"Required P05,P06; V2 missing/not run; same-product line target; embedded extra once"
S08,PIECE preference,composite piece preference hierarchy and soft removal; split/reparent; lineage; normal-role Data API/RPC/SECURITY DEFINER grants and RLS; composite FK; immutable history/commitment; allow legitimate Create/Workflow/Finance; support representative fixture-backed UI/Finance scenarios; no schema proof via browser mocks,"complete context refs; cross-parent/wrong-kind rejection; foreign-ID generic404; CSRF401/403; spoofing/direct legacy denial; limits413; real route/DTO integration, permission/not-found/error/conflict/replay",catalog resolution and extra charges exactly once; every org query visible tenant predicate and current parent verification; controller context/review/apply/error state tests with actual hook,generic kind editor/read-only state and repeated-product targeting in EN/AR; permission/not-found/support states avoid leaks; Playwright EN/AR/RTL keyboard/focus/error/undo/Review/mobile; no vacuous assertions,"Required P05,P10,P14; V2 missing/not run; order-item-piece hierarchy; row UUID and generic kind"
S09,Paid20 to total15,payment/voucher/credit/receipt history unchanged; Finance race serializes; posted AR and fiscal correction reconciliation; parallel refund/resolve source cap; voucher/source lineage; cash/FX ledger; immutable original doc,Apply outcomes vs separate follow-up contracts/permissions; independent permissions/idempotency; server actor; uncertain follow-up replay,real aggregation/snapshot and no settlement writes during Change; actual Finance command; manual gateway/refund lifecycle; drawer movement once,optional/required collection and supported resolution; denied follow-up does not undo Change; separate Payment V4 adapter/resolution; failures retain Change,"Required P07,P08; V2 missing/not run; payment20 immutable; overpayment5; no automatic refund"
S10,Paid10 to total20,payment/voucher/credit/receipt history unchanged; Finance race serializes; posted AR and fiscal correction reconciliation; parallel refund/resolve source cap; voucher/source lineage; cash/FX ledger; immutable original doc,Apply outcomes vs separate follow-up contracts/permissions; independent permissions/idempotency; server actor; uncertain follow-up replay,real aggregation/snapshot and no settlement writes during Change; actual Finance command; manual gateway/refund lifecycle; drawer movement once,optional/required collection and supported resolution; denied follow-up does not undo Change; separate Payment V4 adapter/resolution; failures retain Change,"Required P07,P08; V2 missing/not run; outstanding10 and approved collection policy"
S11,Paid20 to total25,payment/voucher/credit/receipt history unchanged; Finance race serializes; posted AR and fiscal correction reconciliation; parallel refund/resolve source cap; voucher/source lineage; cash/FX ledger; immutable original doc,Apply outcomes vs separate follow-up contracts/permissions; independent permissions/idempotency; server actor; uncertain follow-up replay,real aggregation/snapshot and no settlement writes during Change; actual Finance command; manual gateway/refund lifecycle; drawer movement once,optional/required collection and supported resolution; denied follow-up does not undo Change; separate Payment V4 adapter/resolution; failures retain Change,"Required P07,P08; V2 missing/not run; outstanding5; original payment type unchanged"
S12,Stored-value funded,payment/voucher/credit/receipt history unchanged; Finance race serializes; posted AR and fiscal correction reconciliation; parallel refund/resolve source cap; voucher/source lineage; cash/FX ledger; immutable original doc,Apply outcomes vs separate follow-up contracts/permissions; independent permissions/idempotency; server actor; uncertain follow-up replay,real aggregation/snapshot and no settlement writes during Change; actual Finance command; manual gateway/refund lifecycle; drawer movement once,optional/required collection and supported resolution; denied follow-up does not undo Change; separate Payment V4 adapter/resolution; failures retain Change,"Required P07,P08; V2 missing/not run; wallet/gift/advance/credit lineage and restoration caps"
S13,Split tender,payment/voucher/credit/receipt history unchanged; Finance race serializes; posted AR and fiscal correction reconciliation; parallel refund/resolve source cap; voucher/source lineage; cash/FX ledger; immutable original doc,Apply outcomes vs separate follow-up contracts/permissions; independent permissions/idempotency; server actor; uncertain follow-up replay,real aggregation/snapshot and no settlement writes during Change; actual Finance command; manual gateway/refund lifecycle; drawer movement once,optional/required collection and supported resolution; denied follow-up does not undo Change; separate Payment V4 adapter/resolution; failures retain Change,"Required P07,P08; V2 missing/not run; source-qualified resolution; no duplicate source spend"
S14,B2B AR,payment/voucher/credit/receipt history unchanged; Finance race serializes; posted AR and fiscal correction reconciliation; parallel refund/resolve source cap; voucher/source lineage; cash/FX ledger; immutable original doc; normal-role Data API/RPC/SECURITY DEFINER grants and RLS; composite FK; immutable history/commitment; allow legitimate Create/Workflow/Finance,Apply outcomes vs separate follow-up contracts/permissions; independent permissions/idempotency; server actor; uncertain follow-up replay; foreign-ID generic404; CSRF401/403; spoofing/direct legacy denial; limits413,real aggregation/snapshot and no settlement writes during Change; actual Finance command; manual gateway/refund lifecycle; drawer movement once; every org query visible tenant predicate and current parent verification,optional/required collection and supported resolution; denied follow-up does not undo Change; separate Payment V4 adapter/resolution; failures retain Change; permission/not-found/support states avoid leaks,"Required P07,P08,P10; V2 missing/not run; issued unsupported state denied or proper correction; no posted invoice rewrite"
S15,Quick Drop detailing,commit/version CHECK and producer migration/backfill on disposable DB; normal direct committed DML denied; scoped hierarchy FKs; active/history readers; split and sequence races; removal lineage migration; workflow version unchanged by Change; race with processing/cancel/split; missing binding fails closed; support representative fixture-backed UI/Finance scenarios; no schema proof via browser mocks,"new routes reject draft/legacy bypass; forged refs/cyclic refs/protected piece requests rejected; permission revoked or proof edited/expired returns denial/conflict; real route/DTO integration, permission/not-found/error/conflict/replay",actual Create and Change uncommitted rejection; actual mutations preserve IDs/logical removals/sequence; no product replacement; reuse policy/gates without executing transition; reload actor/policy; controller context/review/apply/error state tests with actual hook,Create regressions; zero-item Quick Drop detailing; remove/undo/eligible piece selection; scan identities; blocked target explanation/reason/ack/review; no status-array policy; Playwright EN/AR/RTL keyboard/focus/error/undo/Review/mobile; no vacuous assertions,"Required P01,P04,P09,P14; V2 missing/not run; valid zero detail context; committed Preparation uses Change"
S16,Workflow changes while editing,real row locks; two Apply winners; workflow/Finance races; rollback all facts; durable response; direct replay access scoped; workflow version unchanged by Change; race with processing/cancel/split; missing binding fails closed; support representative fixture-backed UI/Finance scenarios; no schema proof via browser mocks,"same-key payload conflict, replay, expired cache and lost response; permission revoked or proof edited/expired returns denial/conflict; real route/DTO integration, permission/not-found/error/conflict/replay",actual Apply fault injection and supplied tx composition; reuse policy/gates without executing transition; reload actor/policy; controller context/review/apply/error state tests with actual hook,conflict reload; frozen uncertain command; double-submit; blocked target explanation/reason/ack/review; no status-array policy; Playwright EN/AR/RTL keyboard/focus/error/undo/Review/mobile; no vacuous assertions,"Required P02,P09,P14; V2 missing/not run; actual opposite lock order; conflict no merge"
S17,Another Change applies,real row locks; two Apply winners; workflow/Finance races; rollback all facts; durable response; direct replay access scoped; support representative fixture-backed UI/Finance scenarios; no schema proof via browser mocks,"same-key payload conflict, replay, expired cache and lost response; real route/DTO integration, permission/not-found/error/conflict/replay",actual Apply fault injection and supplied tx composition; controller context/review/apply/error state tests with actual hook,conflict reload; frozen uncertain command; double-submit; Playwright EN/AR/RTL keyboard/focus/error/undo/Review/mobile; no vacuous assertions,"Required P02,P14; V2 missing/not run; one winner per expected version; loser no writes"
S18,Idempotent retry,real row locks; two Apply winners; workflow/Finance races; rollback all facts; durable response; direct replay access scoped; support representative fixture-backed UI/Finance scenarios; no schema proof via browser mocks,"same-key payload conflict, replay, expired cache and lost response; real route/DTO integration, permission/not-found/error/conflict/replay",actual Apply fault injection and supplied tx composition; controller context/review/apply/error state tests with actual hook,conflict reload; frozen uncertain command; double-submit; Playwright EN/AR/RTL keyboard/focus/error/undo/Review/mobile; no vacuous assertions,"Required P02,P14; V2 missing/not run; exact response; one Change/outbox/revision; durable replay after cache expiry"
S19,Idempotency conflict,real row locks; two Apply winners; workflow/Finance races; rollback all facts; durable response; direct replay access scoped; normal-role Data API/RPC/SECURITY DEFINER grants and RLS; composite FK; immutable history/commitment; allow legitimate Create/Workflow/Finance,"same-key payload conflict, replay, expired cache and lost response; foreign-ID generic404; CSRF401/403; spoofing/direct legacy denial; limits413",actual Apply fault injection and supplied tx composition; every org query visible tenant predicate and current parent verification,conflict reload; frozen uncertain command; double-submit; permission/not-found/support states avoid leaks,"Required P02,P10; V2 missing/not run; same key changed payload denied; no new revision"
S20,Temporary block,workflow version unchanged by Change; race with processing/cancel/split; missing binding fails closed; CHECK expiry/state consistency; permanent block cannot clear; actor/source audited; support representative fixture-backed UI/Finance scenarios; no schema proof via browser mocks,"permission revoked or proof edited/expired returns denial/conflict; block between context/Preview/Apply; authorized override cannot bypass; real route/DTO integration, permission/not-found/error/conflict/replay",reuse policy/gates without executing transition; reload actor/policy; block guard reloaded under lock; controller context/review/apply/error state tests with actual hook,blocked target explanation/reason/ack/review; no status-array policy; reason/expiry/read-only denied controls; Playwright EN/AR/RTL keyboard/focus/error/undo/Review/mobile; no vacuous assertions,"Required P09,P12,P14; V2 missing/not run; expiry re-evaluates policy; block arrives between Preview/Apply"
S21,Permanent block,normal-role Data API/RPC/SECURITY DEFINER grants and RLS; composite FK; immutable history/commitment; allow legitimate Create/Workflow/Finance; CHECK expiry/state consistency; permanent block cannot clear; actor/source audited,foreign-ID generic404; CSRF401/403; spoofing/direct legacy denial; limits413; block between context/Preview/Apply; authorized override cannot bypass,every org query visible tenant predicate and current parent verification; block guard reloaded under lock,permission/not-found/support states avoid leaks; reason/expiry/read-only denied controls,"Required P10,P12; V2 missing/not run; no expiry/override/reopen loophole"
S22,Split restriction,real row locks; two Apply winners; workflow/Finance races; rollback all facts; durable response; direct replay access scoped; scoped hierarchy FKs; active/history readers; split and sequence races; removal lineage migration; workflow version unchanged by Change; race with processing/cancel/split; missing binding fails closed,"same-key payload conflict, replay, expired cache and lost response; forged refs/cyclic refs/protected piece requests rejected; permission revoked or proof edited/expired returns denial/conflict",actual Apply fault injection and supplied tx composition; actual mutations preserve IDs/logical removals/sequence; no product replacement; reuse policy/gates without executing transition; reload actor/policy,conflict reload; frozen uncertain command; double-submit; remove/undo/eligible piece selection; scan identities; blocked target explanation/reason/ack/review; no status-array policy,"Required P02,P04,P09; V2 missing/not run; Change then split and reverse; preserve IDs/history/preferences"
S23,Customer identity,normal-role Data API/RPC/SECURITY DEFINER grants and RLS; composite FK; immutable history/commitment; allow legitimate Create/Workflow/Finance; review permission/flag seeds and specific role grants; unsafe inherited grants revoked; no V2 cohort bypass; support representative fixture-backed UI/Finance scenarios; no schema proof via browser mocks,"foreign-ID generic404; CSRF401/403; spoofing/direct legacy denial; limits413; context capability source; feature OFF/revoked; no browser policies; real route/DTO integration, permission/not-found/error/conflict/replay",every org query visible tenant predicate and current parent verification; HQ/domain resolver adapters; revalidate freshness/fingerprint; controller context/review/apply/error state tests with actual hook,permission/not-found/support states avoid leaks; capability-driven fields; branch/customer/currency read-only; Playwright EN/AR/RTL keyboard/focus/error/undo/Review/mobile; no vacuous assertions,"Required P10,P11,P14; V2 missing/not run; snapshot correction only; picker locked; crafted identity denied"
S24,Branch/currency change,normal-role Data API/RPC/SECURITY DEFINER grants and RLS; composite FK; immutable history/commitment; allow legitimate Create/Workflow/Finance; review permission/flag seeds and specific role grants; unsafe inherited grants revoked; no V2 cohort bypass; support representative fixture-backed UI/Finance scenarios; no schema proof via browser mocks,"foreign-ID generic404; CSRF401/403; spoofing/direct legacy denial; limits413; context capability source; feature OFF/revoked; no browser policies; real route/DTO integration, permission/not-found/error/conflict/replay",every org query visible tenant predicate and current parent verification; HQ/domain resolver adapters; revalidate freshness/fingerprint; controller context/review/apply/error state tests with actual hook,permission/not-found/support states avoid leaks; capability-driven fields; branch/customer/currency read-only; Playwright EN/AR/RTL keyboard/focus/error/undo/Review/mobile; no vacuous assertions,"Required P10,P11,P14; V2 missing/not run; read-only; crafted foreign branch/currency denied"
S25,Cancel/Return/Issue,commit/version CHECK and producer migration/backfill on disposable DB; normal direct committed DML denied; real row locks; two Apply winners; workflow/Finance races; rollback all facts; durable response; direct replay access scoped; workflow version unchanged by Change; race with processing/cancel/split; missing binding fails closed,"new routes reject draft/legacy bypass; same-key payload conflict, replay, expired cache and lost response; permission revoked or proof edited/expired returns denial/conflict",actual Create and Change uncommitted rejection; actual Apply fault injection and supplied tx composition; reuse policy/gates without executing transition; reload actor/policy,Create regressions; zero-item Quick Drop detailing; conflict reload; frozen uncertain command; double-submit; blocked target explanation/reason/ack/review; no status-array policy,"Required P01,P02,P09; V2 missing/not run; separate owner; races deny stale capability"
S26,Refund fails after Change,payment/voucher/credit/receipt history unchanged; Finance race serializes; posted AR and fiscal correction reconciliation; parallel refund/resolve source cap; voucher/source lineage; cash/FX ledger; immutable original doc; support representative fixture-backed UI/Finance scenarios; no schema proof via browser mocks,"Apply outcomes vs separate follow-up contracts/permissions; independent permissions/idempotency; server actor; uncertain follow-up replay; real route/DTO integration, permission/not-found/error/conflict/replay",real aggregation/snapshot and no settlement writes during Change; actual Finance command; manual gateway/refund lifecycle; drawer movement once; controller context/review/apply/error state tests with actual hook,optional/required collection and supported resolution; denied follow-up does not undo Change; separate Payment V4 adapter/resolution; failures retain Change; Playwright EN/AR/RTL keyboard/focus/error/undo/Review/mobile; no vacuous assertions,"Required P07,P08,P14; V2 missing/not run; Change retained; separate refund rollback/recovery"
