ID,Policy / behavior,Owner / storage,Level,Proposed / existing code,Allowed values / meaning,Default / V1 decision,Enforcement point,UI effect,Phase
CFG-001,Edit Order V2 SaaS availability / rollout,Existing HQ feature-flag system (`hq_ff_feature_flags_mst` / current effective-flag machinery),HQ → tenant/cohort,"**NEW flag code; exact code follows current naming**, recommended `order_edit_v2`",OFF / ON or existing entitlement semantics,**OFF during build/pilot; ON only after release gates**,route/access contract + feature entitlement resolver,Hide/disable V2 entry for non-enabled cohorts,"WP05, WP19"
CFG-002,Tenant may use Edit V2,Effective feature/plan entitlement,Tenant,Reuse existing feature/plan evaluation,enabled / disabled,Must not bypass HQ/plan restriction,server route and access contract,entry unavailable when disabled,WP05
CFG-003,Per-order Edit access,`org_orders_mst.edit_access_status` + block fields,"Order state, not config",**NEW fields**,OPEN / TEMPORARILY_BLOCKED / PERMANENTLY_BLOCKED,OPEN unless explicitly blocked after migration policy,"Change context, Preview, Apply",show reason / blocked state,WP02–WP05
CFG-004,Temporary block expiry,`org_orders_mst.edit_block_until`,Order state,**NEW**,timestamp or NULL,expiry triggers re-evaluation; never bypasses workflow/domain policy,capability service,show blocked-until time when present,WP02–WP05
CFG-005,Base Edit permission,RBAC catalog (`sys_auth_permissions` + current role mappings),HQ catalog / tenant role,**NEW `orders:edit`**,actor has / does not have permission,deny without permission,context/Preview/Apply,hide/disable Edit action as appropriate,WP05
CFG-006,Edit override permission,RBAC catalog,HQ catalog / tenant role,**NEW `orders:edit_override`**,actor has / does not have permission,no override without permission,capability proof / Apply,offer override UI only when allowed,WP05
CFG-007,Price override,Existing Pricing RBAC + Pricing domain,Tenant/user,existing `pricing:override`,domain-defined,reuse existing,Pricing adapter + Apply,reason/override fields only when capability exists,WP08
CFG-008,Operation allowed at workflow state,Existing workflow profile/policy family (`sys_wf_*` and current semantic profile runtime); exact commercial binding storage to be finalized in WP05,Workflow profile / status / operation / target,**EXTEND current policy; do not create parallel Edit rules engine**,ALLOW / ALLOW_WITH_WARNING / REQUIRE_OVERRIDE / DENY,missing binding = DENY,Change capability evaluator,enable/disable operation with explanation,WP05
CFG-009,Operation reason requirement,Same commercial operation policy binding,Workflow profile / op,extend existing `requires_reason` / `min_reason_length` concept,required yes/no + min length,operation-specific,Preview/Apply proof,require reason in Review Changes,WP05
CFG-010,Warning acknowledgement,Existing workflow gate/decision primitives + Change-bound proof,Workflow profile / facts,reuse/extend,warning acknowledgement required,only current bound proof accepted,Preview/Apply,warning + acknowledgement control,"WP05, WP10–WP12"
CFG-011,Hard invariant override,Structural/domain invariant,System rule,**not configurable**,never overrideable,DENY,capability/mutation layer,operation unavailable,WP05–WP12
CFG-012,New item price policy on committed order,"HQ `sys_stng_settings_cd` definition + `org_stng_settings_cf` scoped override via current HQ Settings API; legacy settings tables are not the new-key owner",Tenant; branch only if proven needed,**PROPOSED `order_edit_new_item_price_policy`**,CURRENT_PRICE / ORIGINAL_ORDER_CONTEXT (or final domain-approved tokens),**TBD before WP08**; do not guess,order-change calculation adapter,explanatory review text if policy changes expected price,WP08
CFG-013,Changed item repricing policy,"same tenant settings framework, only if separate behavior is required",Tenant,**OPTIONAL proposed `order_edit_changed_item_price_policy`**,PRESERVE_COMMITTED / REPRICE_CURRENT / approved alternative,default should preserve unchanged lines; exact changed-line rule TBD before WP08,calculation adapter,review shows reprice reason/source,WP08
CFG-014,Existing manual percent discount,Discount domain + frozen Change rule,"Domain rule, not general setting in V1",reuse current discount facts,preserve rate; recalc eligible base,**PRESERVE_RATE**,Discount adapter,display recalculated amount,WP08
CFG-015,Existing fixed discount,Discount domain + frozen Change rule,Domain rule,reuse current discount facts,"preserve amount, cap at eligible base",**PRESERVE_CAPPED**,Discount adapter,warn if cap changes amount,WP08
CFG-016,Existing accepted promotion,Promotion/Discount domain,Domain rule,reuse persisted promotion facts,do not silently drop accepted entitlement; revalidation only per approved domain policy,**PRESERVE unless invalid by explicit rule**,Discount/Promotion adapter,show any explicit revalidation issue,WP08
CFG-017,Automatic discount behavior after Change,Tenant setting only if current domain cannot infer correct policy,Tenant,**PROPOSED only if needed: `order_edit_auto_discount_policy`**,PRESERVE_CONTEXT / REEVALUATE_CURRENT / approved tokens,**TBD before WP08**,Discount adapter,preview explains change,WP08
CFG-018,Tax calculation / pricing mode,Existing Tax configuration and persisted tax facts,Jurisdiction/tenant/order,reuse Tax domain; no Edit-specific tax table,TAX_INCLUSIVE / TAX_EXCLUSIVE + tax profiles/rates,existing legal/domain policy; unresolved historical/current-rate question must be decided before WP08/WP09,Tax adapter,Review shows authoritative tax delta,WP08–WP09
CFG-019,Tax configuration failure,Tax domain,system/domain,not tenant Edit setting,configured-zero vs resolution failure,**resolution failure blocks Change; no silent zero**,calculation adapter,explicit error,WP08
CFG-020,Remaining balance after Change,Existing Finance/payment policy resolver and payment-method configuration,Tenant/order/payment context,reuse existing remaining-balance policy; exact storage remains Finance-owned,Existing Create intent NONE / PAY_ON_COLLECTION / CREDIT_INVOICE; Finance-owned Change mapping to OUTSTANDING_OPTIONAL / OUTSTANDING_REQUIRED,existing Finance policy,financial-result service / follow-up,route to optional or required collection,"WP09, WP16"
CFG-021,Overpayment resolution options,`sys_fin_overpay_res_cd` + existing Finance resolver/source eligibility,HQ catalog + tenant/source/payment context,reuse,RETURN_CASH_CHANGE / VOID_OR_REFUND_EXCESS / SAVE_AS_* / RESTORE_* / other supported existing codes,only proven source-supported dispositions,Finance Resolution service,show only eligible actions,"WP09, WP16"
CFG-022,Gateway refund automation,Existing Refund/Payment Gateway domain,gateway/tenant,reuse; current support may be manual/partial,automatic only where implemented; otherwise manual/pending,**do not imply unsupported automation**,Finance follow-up,supported/manual status,WP16
CFG-023,Stored-value restoration,Existing Gift Card/Wallet/Stored Value domains,source-specific,reuse; gaps wired in Finance,source-qualified,only when lineage proves restoration eligibility,Finance follow-up,eligible restoration option,WP16
CFG-024,B2B / AR edit eligibility,Existing B2B/AR/Finance policy,Tenant/contract/document state,reuse,draft/open supported states vs issued/posted unsupported states,unsupported issued states DENY until correction policy implemented,capability + Finance adapter,explain block/correction requirement,WP09
CFG-025,Fiscal document correction,Fiscal/Tax domain,jurisdiction/document state,reuse correction/credit/debit authority,owner-defined,immutable issued documents,Finance/Fiscal follow-up,"show correction status, never silently rewrite","WP09, WP16"
CFG-026,Delivery/fulfilment edit policy,Existing workflow/fulfilment policy and Delivery configuration,Workflow profile / tenant / branch/service,reuse existing order-type/fulfilment policy,domain-defined,no Edit-specific duplicate table,capability + Delivery adapter,available fields/slots based on policy,later scoped Change work
CFG-027,Delivery charge after fulfilment change,Pricing + Delivery domain,domain policy,reuse,calculated from approved zone/service facts,server-authoritative,calculation adapter,preview updated charge,later scoped Change work
CFG-028,Post-commit branch change,V1 architecture,not configurable in V1,**NO setting in V1**,disabled/deferred,**DENY**,contract/capability,branch read-only,V1
CFG-029,Post-commit customer identity change,V1 architecture,not configurable in V1,**NO setting in V1**,disabled,**DENY**,contract/capability,customer identity locked,V1
CFG-030,Customer snapshot correction,Change operation + capability policy,Workflow/permission,operation-policy driven,allow/warn/override/deny,only approved contact/snapshot fields,capability + schema,editable subset only,WP04–WP05
CFG-031,Quick Drop post-commit detailing,Workflow/operation capability + order subtype,profile/order facts,reuse Change operation policy,ADD_ITEM/PIECE/PREFERENCE as allowed,supported Quick Drop mode,capability,detailing remains available after commit,WP05–WP07
CFG-032,Preference definitions/kinds,Existing preference catalogs + `org_order_preferences_dtl`,HQ/tenant existing config,reuse,ORDER / ITEM / PIECE + configured kinds,existing config,preference adapter,dynamic preference UI,WP07
CFG-033,Notification after Change,Existing Notification templates/preferences/outbox,tenant/user/channel,reuse notification domain,existing channel/template policy,event-driven only,outbox consumer,messages according to preference,WP11+
CFG-034,Generic approval thresholds,none for V1,deferred,**DO NOT BUILD V1**,future maker/checker/threshold policy,permission + override only in V1,n/a,n/a,Deferred
CFG-035,Reason code catalog,optional future lookup,HQ/system,optional `sys_order_change_reason_cd` only if free-text becomes insufficient,configured bilingual reasons,**not required for V1**; free text + op policy acceptable,Review/Apply,optional selector later,Deferred
CFG-036,V2 branch-specific policy override,existing settings framework only if a concrete business need appears,Branch,**do not add by default**,same token as tenant setting,inherit tenant,settings resolver,branch-specific only where explicitly supported,Deferred/As needed
CFG-037,Service speed values,commercial service-speed catalog/domain when implemented,HQ/tenant,separate from priority,STANDARD / EXPRESS; SAME_DAY only when configured,STANDARD unless order facts say otherwise,calculation/capability,speed selector,WP02/WP08
CFG-038,Priority,existing priority/workflow configuration,tenant/workflow,reuse,current operational priority codes,existing,workflow/queue owner,priority selector,Existing
CFG-039,Edit lock/advisory collaboration lock,current order-lock service,tenant/system,current behavior; configuration only if later proven necessary,lock TTL/force-unlock policy,**do not invent setting now**,"UI advisory lock, not OCC authority",collaborator warning,Existing/Deferred
CFG-040,Legacy B12 governed amendment flag,existing legacy feature flag,tenant,`order_fin_governed_amendments`,legacy OFF/ON,**must not be reinterpreted as Edit V2 flag**,legacy compatibility only,no V2 semantics,Cutover
