"operation_code","scope","identity","payload","policy_owners","invariant"
"ADD_ITEM","ORDER","none/clientRef","clientRef UUID, productId UUID, quantity 1..999, policy-authorized priceOverride/overrideReason only","Pricing/Discount/Tax + Workflow operation policy","stable item; new tracked-item initial materialization contract is WP06 gate; see MD field/effect contract"
"REMOVE_ITEM","ITEM","persisted item ID","optional reason metadata only","Workflow/structural/Finance/fiscal","logical removal; descendants handled atomically; no physical delete"
"CHANGE_ITEM_QUANTITY","ITEM","persisted item ID","quantity 1..999; selectedPieceIds for tracked decrease","Workflow/structural/Pricing if policy relevant","stable item; selected child removals normalized exactly once; zero requires REMOVE_ITEM"
"ADD_PIECE","ITEM","persisted/new item ref","clientRef UUID, persisted/new item ref; approved initial attributes only","Workflow/structural","quantity +1 exactly once; no browser operational state; initial materialization WP06 gate"
"REMOVE_PIECE","PIECE","persisted piece ID","reason metadata if policy requires","Workflow/structural","logical remove; parent quantity -1 exactly once; final piece requires remove item or invariant failure"
"ADD_PREFERENCE","ORDER|ITEM|PIECE","target ref","clientRef UUID, configured definition/code, approved content; server-derived kind/category/extra price","Preference catalog + capability + Pricing","generic configured kinds; validate polymorphic catalog and ORDER/ITEM/PIECE hierarchy"
"CHANGE_PREFERENCE","PREFERENCE","persisted preference ID","approved same-kind content/value and policy-qualified price request only","Preference catalog + capability + Pricing","preserve row/parent/level/kind; no confirmation or follow-up-note mutation"
"REMOVE_PREFERENCE","PREFERENCE","persisted preference ID","reason metadata if required","Preference capability/Pricing","logical removal; generic all kinds"
"CHANGE_PRIORITY","ORDER","order","priority code","Workflow/operational policy","priority is not service speed"
"CHANGE_SERVICE_SPEED","ORDER","order","serviceSpeed","Pricing + workflow/turnaround policy","may reprice by explicit policy"
"CHANGE_READY_BY","ORDER","order","readyBy timestamp","Workflow/SLA policy","customer commitment override only"
"CHANGE_ORDER_NOTES","ORDER","order","notes -> internal_notes, customerNotes -> customer_notes; paymentNotes excluded","Capability/privacy","commercial audited note allowlist; no arbitrary patch; no money effect"
"CHANGE_CUSTOMER_SNAPSHOT","ORDER","order","policy-approved bounded customerName, customerMobile, customerEmail only","Customer snapshot policy","customer_id/default identity/branch/currency immutable; arbitrary customerDetails pending typed approval"
